"uid","url","proxy_used","oman_block_social?","oman_block_laws?","india_block?"
"1","http://arizona.indymedia.org","http://OMAN_PROXY1:8080",,,
"2","http://commonfolkcommonsense.blogspot.com","http://OMAN_PROXY1:8080",,,
"3","http://commonfolkcommonsense.blogspot.com","http://OMAN_PROXY2:80",,,
"4","http://commonfolkcommonsense.blogspot.com",,,,
"5","http://donotdial100.webs.com","http://OMAN_PROXY1:8080",,,
"6","http://donotdial100.webs.com","http://OMAN_PROXY2:80",,,
"7","http://donotdial100.webs.com",,,,
"8","http://exposingtheleft.blogspot.com","http://OMAN_PROXY1:8080",,,
"9","http://exposingtheleft.blogspot.com","http://OMAN_PROXY2:80",,,
"10","http://exposingtheleft.blogspot.com",,,,
"11","http://hinduhumanrights.org","http://OMAN_PROXY1:8080",,,
"12","http://hinduhumanrights.org","http://OMAN_PROXY2:80",,,
"13","http://hinduhumanrights.org",,,,
"14","http://kafila.org","http://OMAN_PROXY1:8080",,,
"15","http://kafila.org","http://OMAN_PROXY2:80",,,
"16","http://kafila.org",,,,
"17","http://kirtu.com","http://OMAN_PROXY1:8080","yes",,
"18","http://kirtu.com","http://OMAN_PROXY2:80","yes",,
"19","http://kirtu.com",,,,
"20","http://mackers-world.com","http://OMAN_PROXY1:8080",,,
"21","http://mackers-world.com","http://OMAN_PROXY2:80",,,
"22","http://mackers-world.com",,,,
"23","http://pajamaeditors.blogspot.com","http://OMAN_PROXY1:8080",,,
"24","http://pajamaeditors.blogspot.com","http://OMAN_PROXY2:80",,,
"25","http://pajamaeditors.blogspot.com",,,,
"26","http://princesskimberley.blogspot.com","http://OMAN_PROXY1:8080","yes",,
"27","http://princesskimberley.blogspot.com","http://OMAN_PROXY2:80","yes",,
"28","http://princesskimberley.blogspot.com",,,,
"29","http://rahulyadav.com","http://OMAN_PROXY1:8080",,,
"30","http://rahulyadav.com","http://OMAN_PROXY2:80",,,
"31","http://rahulyadav.com",,,,
"32","http://thepiratescove.us","http://OMAN_PROXY1:8080",,,
"33","http://thepiratescove.us","http://OMAN_PROXY2:80",,,
"34","http://thepiratescove.us",,,,
"35","http://web.amnesty.org/library/Index/ENGASA200051998?open&of=ENG-IND","http://OMAN_PROXY1:8080",,,
"36","http://web.amnesty.org/library/Index/ENGASA200051998?open&of=ENG-IND","http://OMAN_PROXY2:80",,,
"37","http://web.amnesty.org/library/Index/ENGASA200051998?open&of=ENG-IND",,,,
"38","http://www.ajk.gov.pk","http://OMAN_PROXY1:8080",,,
"39","http://www.ajk.gov.pk","http://OMAN_PROXY2:80",,,
"40","http://www.ajk.gov.pk",,,,
"41","http://www.bajrangdal.org","http://OMAN_PROXY1:8080",,,
"42","http://www.bajrangdal.org","http://OMAN_PROXY2:80",,,
"43","http://www.bajrangdal.org",,,,
"44","http://www.blog.rahulyadav.com","http://OMAN_PROXY1:8080",,,
"45","http://www.blog.rahulyadav.com","http://OMAN_PROXY2:80",,,
"46","http://www.blog.rahulyadav.com",,,,
"47","http://www.bloggernews.net/124029","http://OMAN_PROXY1:8080",,,"yes"
"48","http://www.bloggernews.net/124029","http://OMAN_PROXY2:80",,,"yes"
"49","http://www.chakpak.com/find/images/kamasutra-hindi-movie","http://OMAN_PROXY1:8080",,,"yes"
"50","http://www.chakpak.com/find/images/kamasutra-hindi-movie","http://OMAN_PROXY2:80",,,"yes"
"51","http://www.chakpak.com/find/images/kamasutra-hindi-movie",,,,
"52","http://www.cinemahd.net/desktop-enhancements/wallpaper/23945-wallpapers-beautiful-girl-wallpaper.html","http://OMAN_PROXY1:8080",,,
"53","http://www.cinemahd.net/desktop-enhancements/wallpaper/23945-wallpapers-beautiful-girl-wallpaper.html","http://OMAN_PROXY2:80",,,
"54","http://www.cinemahd.net/desktop-enhancements/wallpaper/23945-wallpapers-beautiful-girl-wallpaper.html",,,,
"55","http://www.dawn.com","http://OMAN_PROXY1:8080",,,
"56","http://www.dawn.com","http://OMAN_PROXY2:80",,,
"57","http://www.dawn.com",,,,
"58","http://www.facebook.com/pages/l-Hate-Ambedkar/172025102828076","http://OMAN_PROXY1:8080",,,
"59","http://www.facebook.com/pages/l-Hate-Ambedkar/172025102828076","http://OMAN_PROXY2:80",,,
"60","http://www.facebook.com/pages/l-Hate-Ambedkar/172025102828076",,,,
"61","http://www.google.co.in/#h1=en&source=hp&biw=1276&bih=843&=dr+babasaheb+ambedkar+wallpaper&aq=4&aqi=g10&aql=&oq=dr+babas&gs_rfai=&fp=e791fe993fa412ba","http://OMAN_PROXY1:8080",,,
"62","http://www.google.co.in/#h1=en&source=hp&biw=1276&bih=843&=dr+babasaheb+ambedkar+wallpaper&aq=4&aqi=g10&aql=&oq=dr+babas&gs_rfai=&fp=e791fe993fa412ba","http://OMAN_PROXY2:80",,,
"63","http://www.google.co.in/#h1=en&source=hp&biw=1276&bih=843&=dr+babasaheb+ambedkar+wallpaper&aq=4&aqi=g10&aql=&oq=dr+babas&gs_rfai=&fp=e791fe993fa412ba",,,,
"64","http://www.gwsystems.co.il","http://OMAN_PROXY1:8080",,,
"65","http://www.gwsystems.co.il","http://OMAN_PROXY2:80",,,
"66","http://www.gwsystems.co.il",,,,
"67","http://www.indian-pornstars.com","http://OMAN_PROXY1:8080","yes",,
"68","http://www.indian-pornstars.com","http://OMAN_PROXY2:80","yes",,
"69","http://www.indian-pornstars.com",,,,
"70","http://www.indybay.org","http://OMAN_PROXY1:8080",,,"yes"
"71","http://www.indybay.org","http://OMAN_PROXY2:80",,,"yes"
"72","http://www.indybay.org",,,,
"73","http://www.mobango.com","http://OMAN_PROXY1:8080",,,
"74","http://www.mobango.com","http://OMAN_PROXY2:80",,,
"75","http://www.mobango.com",,,,
"76","http://www.result.khatana.net/2010/11/im-no-panty-girl-yana-gupta-wardrobe.html","http://OMAN_PROXY1:8080",,,
"77","http://www.result.khatana.net/2010/11/im-no-panty-girl-yana-gupta-wardrobe.html","http://OMAN_PROXY2:80",,,
"78","http://www.result.khatana.net/2010/11/im-no-panty-girl-yana-gupta-wardrobe.html",,,,
"79","http://www.submitlink.khatana.net/2010/09/jennifer-stano-is-engaged-to.html","http://OMAN_PROXY1:8080",,,
"80","http://www.submitlink.khatana.net/2010/09/jennifer-stano-is-engaged-to.html","http://OMAN_PROXY2:80",,,
"81","http://www.submitlink.khatana.net/2010/09/jennifer-stano-is-engaged-to.html",,,,
"82","http://www.zone-h.org","http://OMAN_PROXY1:8080",,,
"83","http://www.zone-h.org","http://OMAN_PROXY2:80",,,
"84","http://www.zone-h.org",,,,
"85","http://imagessearchyahoo.com","http://OMAN_PROXY1:8080",,,"yes"
"86","http://imagessearchyahoo.com","http://OMAN_PROXY2:80",,,"yes"
"87","http://imagessearchyahoo.com",,,,
"88","http://imamali8.com","http://OMAN_PROXY1:8080",,,"yes"
"89","http://imamali8.com","http://OMAN_PROXY2:80",,,"yes"
"90","http://imamali8.com",,,,
"91","http://rahulyadav.com","http://OMAN_PROXY1:8080",,,
"92","http://rahulyadav.com","http://OMAN_PROXY2:80",,,
"93","http://rahulyadav.com",,,,
"94","http://hinduhumanrights.org","http://OMAN_PROXY1:8080",,,
"95","http://hinduhumanrights.org","http://OMAN_PROXY2:80",,,
"96","http://hinduhumanrights.org",,,,
"97","http://nndh.com","http://OMAN_PROXY1:8080",,"yes",
"98","http://nndh.com","http://OMAN_PROXY2:80",,"yes",
"99","http://nndh.com",,,,
"100","http://bloodrovaltriped.com","http://OMAN_PROXY1:8080",,,
"101","http://bloodrovaltriped.com","http://OMAN_PROXY2:80",,,
"102","http://bloodrovaltriped.com",,,,
"103","http://merrimusings.typepad.com","http://OMAN_PROXY1:8080",,,"yes"
"104","http://merrimusings.typepad.com","http://OMAN_PROXY2:80",,,"yes"
"105","http://merrimusings.typepad.com",,,,
"106","http://thepiratescove.us","http://OMAN_PROXY1:8080",,,
"107","http://thepiratescove.us","http://OMAN_PROXY2:80",,,
"108","http://thepiratescove.us",,,,
"109","http://smeisp.cn","http://OMAN_PROXY1:8080",,,
"110","http://smeisp.cn","http://OMAN_PROXY2:80",,,
"111","http://smeisp.cn",,,,
"112","http://mobango.com","http://OMAN_PROXY1:8080",,,
"113","http://mobango.com","http://OMAN_PROXY2:80",,,
"114","http://mobango.com",,,,
"115","http://commnicator.clickatell.com","http://OMAN_PROXY1:8080",,,
"116","http://commnicator.clickatell.com","http://OMAN_PROXY2:80",,,
"117","http://commnicator.clickatell.com",,,,
"118","http://dalitstan.org","http://OMAN_PROXY1:8080",,,
"119","http://dalitstan.org","http://OMAN_PROXY2:80",,,
"120","http://dalitstan.org",,,,
"121","http://mackers-world.com","http://OMAN_PROXY1:8080",,,
"122","http://mackers-world.com","http://OMAN_PROXY2:80",,,
"123","http://mackers-world.com",,,,
"124","http://jonnyasp.com","http://OMAN_PROXY1:8080",,,
"125","http://jonnyasp.com","http://OMAN_PROXY2:80",,,
"126","http://jonnyasp.com",,,,
"127","http://google0.ingo","http://OMAN_PROXY1:8080",,,
"128","http://google0.ingo","http://OMAN_PROXY2:80",,,
"129","http://google0.ingo",,,,
"130","http://www.box.in","http://OMAN_PROXY1:8080",,,
"131","http://www.box.in","http://OMAN_PROXY2:80",,,
"132","http://www.box.in",,,,
"133","http://www.geocities.com/cpmimlpwg","http://OMAN_PROXY1:8080",,,
"134","http://www.geocities.com/cpmimlpwg","http://OMAN_PROXY2:80",,,
"135","http://www.geocities.com/cpmimlpwg",,,,
"136","http://www.geocities.com/cpmimlpwg/home.html","http://OMAN_PROXY1:8080",,,
"137","http://www.geocities.com/cpmimlpwg/home.html","http://OMAN_PROXY2:80",,,
"138","http://www.geocities.com/cpmimlpwg/home.html",,,,
"139","http://in.mobango.com","http://OMAN_PROXY1:8080",,,
"140","http://in.mobango.com","http://OMAN_PROXY2:80",,,
"141","http://in.mobango.com",,,,
"142","http://carc.org.in","http://OMAN_PROXY1:8080",,,
"143","http://carc.org.in","http://OMAN_PROXY2:80",,,
"144","http://carc.org.in",,,,
"145","http://www.yourfilehost.com","http://OMAN_PROXY1:8080","yes",,
"146","http://www.yourfilehost.com","http://OMAN_PROXY2:80","yes",,
"147","http://www.yourfilehost.com",,,,
"148","http://www.tv.tamilwire.com","http://OMAN_PROXY1:8080",,,
"149","http://www.tv.tamilwire.com","http://OMAN_PROXY2:80",,,
"150","http://www.tv.tamilwire.com",,,,
"151","http://www.savithabhabi.com","http://OMAN_PROXY1:8080",,,
"152","http://www.savithabhabi.com","http://OMAN_PROXY2:80",,,
"153","http://www.savithabhabi.com",,,,
"154","http://www.zone-h.org","http://OMAN_PROXY1:8080",,,
"155","http://www.zone-h.org","http://OMAN_PROXY2:80",,,
"156","http://www.zone-h.org",,,,
"157","http://zone-h.org","http://OMAN_PROXY1:8080",,,
"158","http://zone-h.org","http://OMAN_PROXY2:80",,,
"159","http://zone-h.org",,,,
"160","http://bloggernews.net/124029/","http://OMAN_PROXY1:8080",,,"yes"
"161","http://bloggernews.net/124029/","http://OMAN_PROXY2:80",,,"yes"
"162","http://www.bloggernews.net/124029","http://OMAN_PROXY1:8080",,,"yes"
"163","http://www.bloggernews.net/124029","http://OMAN_PROXY2:80",,,"yes"
"164","http://www.bloggernews.net/124029/","http://OMAN_PROXY1:8080",,,"yes"
"165","http://www.bloggernews.net/124029/","http://OMAN_PROXY2:80",,,"yes"
"166","http://www.google.co.in/#h1=en&source=hp&biw=1276&bih=843&q=dr+babasaheb+ambedkar+wallpaper&aq+4&aqi=g10&aql=&oq=dr+babas&gs_rfai=&fp=e791fe993fa412ba","http://OMAN_PROXY1:8080",,,
"167","http://www.google.co.in/#h1=en&source=hp&biw=1276&bih=843&q=dr+babasaheb+ambedkar+wallpaper&aq+4&aqi=g10&aql=&oq=dr+babas&gs_rfai=&fp=e791fe993fa412ba","http://OMAN_PROXY2:80",,,
"168","http://www.google.co.in/#h1=en&source=hp&biw=1276&bih=843&q=dr+babasaheb+ambedkar+wallpaper&aq+4&aqi=g10&aql=&oq=dr+babas&gs_rfai=&fp=e791fe993fa412ba",,,,
"169","http://www.submitlink.khatana.net/2010/09/jennifer-stano-is-engaged-to.html","http://OMAN_PROXY1:8080",,,
"170","http://www.submitlink.khatana.net/2010/09/jennifer-stano-is-engaged-to.html","http://OMAN_PROXY2:80",,,
"171","http://www.submitlink.khatana.net/2010/09/jennifer-stano-is-engaged-to.html",,,,
"172","http://www.cinemahd.net/desktop-enhancements/wallpaper/23945-wallpapers-beautiful-girl-wallpaper.html","http://OMAN_PROXY1:8080",,,
"173","http://www.cinemahd.net/desktop-enhancements/wallpaper/23945-wallpapers-beautiful-girl-wallpaper.html","http://OMAN_PROXY2:80",,,
"174","http://www.cinemahd.net/desktop-enhancements/wallpaper/23945-wallpapers-beautiful-girl-wallpaper.html",,,,
"175","http://www.chakpak.com/find/images/kamasutra-hindi-movie","http://OMAN_PROXY1:8080",,,"yes"
"176","http://www.chakpak.com/find/images/kamasutra-hindi-movie","http://OMAN_PROXY2:80",,,"yes"
"177","http://www.chakpak.com/find/images/kamasutra-hindi-movie",,,,
"178","http://www.result.khatana.net/2010/11/im-no-panty-girl-yana-gupta-wardrobe.html","http://OMAN_PROXY1:8080",,,
"179","http://www.result.khatana.net/2010/11/im-no-panty-girl-yana-gupta-wardrobe.html","http://OMAN_PROXY2:80",,,
"180","http://www.result.khatana.net/2010/11/im-no-panty-girl-yana-gupta-wardrobe.html",,,,
"181","http://www.facebook.com/pages/I-Hate-Ambedkar/172025102828076","http://OMAN_PROXY1:8080",,,
"182","http://www.facebook.com/pages/I-Hate-Ambedkar/172025102828076","http://OMAN_PROXY2:80",,,
"183","http://www.facebook.com/pages/I-Hate-Ambedkar/172025102828076",,,,
"184","http://www.arizona.indymedia.org/","http://OMAN_PROXY1:8080",,,
"185","http://www.arizona.indymedia.org/","http://OMAN_PROXY2:80",,,
"186","http://www.arizona.indymedia.org/",,,,
"187","http://www.indybay.org","http://OMAN_PROXY1:8080",,,"yes"
"188","http://www.indybay.org","http://OMAN_PROXY2:80",,,"yes"
"189","http://www.indybay.org",,,,
"190","http://www.complaintsboard.com/complaints/narang-access-pvt-ltd-c426988.html?sort=ratea.","http://OMAN_PROXY1:8080",,,
"191","http://www.complaintsboard.com/complaints/narang-access-pvt-ltd-c426988.html?sort=ratea.","http://OMAN_PROXY2:80",,,
"192","http://www.complaintsboard.com/complaints/narang-access-pvt-ltd-c426988.html?sort=ratea.",,,,
"193","http://dl.btjunkie.org/torrent/Bodyguard-2011-Hindi-Movie-SCR-1CD-CAM-RIP-DAY/3381072ca0b09a7e175bc5cc10fbcc660645","http://OMAN_PROXY1:8080",,,
"194","http://dl.btjunkie.org/torrent/Bodyguard-2011-Hindi-Movie-SCR-1CD-CAM-RIP-DAY/3381072ca0b09a7e175bc5cc10fbcc660645","http://OMAN_PROXY2:80",,,
"195","http://dl.btjunkie.org/torrent/Bodyguard-2011-Hindi-Movie-SCR-1CD-CAM-RIP-DAY/3381072ca0b09a7e175bc5cc10fbcc660645",,,,
"196","http://satishsethadag.blogspot.com/","http://OMAN_PROXY1:8080",,,
"197","http://satishsethadag.blogspot.com/","http://OMAN_PROXY2:80",,,
"198","http://satishsethadag.blogspot.com/",,,,
"199","http://satishseth.blogspot.com/","http://OMAN_PROXY1:8080",,,
"200","http://satishseth.blogspot.com/","http://OMAN_PROXY2:80",,,
"201","http://satishseth.blogspot.com/",,,,
"202","http://in.linkedin.com/in/satishseth","http://OMAN_PROXY1:8080",,,
"203","http://in.linkedin.com/in/satishseth","http://OMAN_PROXY2:80",,,
"204","http://in.linkedin.com/in/satishseth",,,,
"205","https://profiles.google.com/103976341793285625231/about","http://OMAN_PROXY1:8080",,,
"206","https://profiles.google.com/103976341793285625231/about","http://OMAN_PROXY2:80",,,
"207","https://profiles.google.com/103976341793285625231/about",,,,
"208","http://satishsethswan.blogspot.com/","http://OMAN_PROXY1:8080",,,
"209","http://satishsethswan.blogspot.com/","http://OMAN_PROXY2:80",,,
"210","http://satishsethswan.blogspot.com/",,,,
"211","http://in.linkedin.com/in/satishsethadag","http://OMAN_PROXY1:8080",,,
"212","http://in.linkedin.com/in/satishsethadag","http://OMAN_PROXY2:80",,,
"213","http://in.linkedin.com/in/satishsethadag",,,,
"214","http://digg.com/satishsethadag","http://OMAN_PROXY1:8080",,,
"215","http://digg.com/satishsethadag","http://OMAN_PROXY2:80",,,
"216","http://digg.com/satishsethadag",,,,
"217","http://digg.com/satishsethswan/submissions","http://OMAN_PROXY1:8080",,,
"218","http://digg.com/satishsethswan/submissions","http://OMAN_PROXY2:80",,,
"219","http://digg.com/satishsethswan/submissions",,,,
"220","http://in.linkedin.com/pub/satish-seth-investment/3a/144/931","http://OMAN_PROXY1:8080",,,
"221","http://in.linkedin.com/pub/satish-seth-investment/3a/144/931","http://OMAN_PROXY2:80",,,
"222","http://in.linkedin.com/pub/satish-seth-investment/3a/144/931",,,,
"223","http://www.blogger.com/profile/03550922789477190410","http://OMAN_PROXY1:8080",,,
"224","http://www.blogger.com/profile/03550922789477190410","http://OMAN_PROXY2:80",,,
"225","http://www.blogger.com/profile/03550922789477190410",,,,
"226","http://www.blogger-index.com/693616-satish-seth-adag","http://OMAN_PROXY1:8080",,,
"227","http://www.blogger-index.com/693616-satish-seth-adag","http://OMAN_PROXY2:80",,,
"228","http://www.blogger-index.com/693616-satish-seth-adag",,,,
"229","http://satishsethreliance.tumblr.com/","http://OMAN_PROXY1:8080",,,
"230","http://satishsethreliance.tumblr.com/","http://OMAN_PROXY2:80",,,
"231","http://satishsethreliance.tumblr.com/",,,,
"232","http://twitter.com/satishsethswan","http://OMAN_PROXY1:8080",,,
"233","http://twitter.com/satishsethswan","http://OMAN_PROXY2:80",,,
"234","http://twitter.com/satishsethswan",,,,
"235","http://www.metacafe.com/watch/7230576/joining_a_dancing_class_benefits/","http://OMAN_PROXY1:8080",,,
"236","http://www.metacafe.com/watch/7230576/joining_a_dancing_class_benefits/","http://OMAN_PROXY2:80",,,
"237","http://www.metacafe.com/watch/7230576/joining_a_dancing_class_benefits/",,,,
"238","http://www.myspace.com/video/satishsethswan/why-our-alsatian-dog-felt-restless-describes-satish-seth-swan/108188726","http://OMAN_PROXY1:8080",,,
"239","http://www.myspace.com/video/satishsethswan/why-our-alsatian-dog-felt-restless-describes-satish-seth-swan/108188726","http://OMAN_PROXY2:80",,,
"240","http://www.myspace.com/video/satishsethswan/why-our-alsatian-dog-felt-restless-describes-satish-seth-swan/108188726",,,,
"241","http://www.moneycontrol.com/stocks/cptmarket/searchpage/search.php?hl=3&companyname=Satish%20Seth&start=24","http://OMAN_PROXY1:8080",,,
"242","http://www.moneycontrol.com/stocks/cptmarket/searchpage/search.php?hl=3&companyname=Satish%20Seth&start=24","http://OMAN_PROXY2:80",,,
"243","http://www.moneycontrol.com/stocks/cptmarket/searchpage/search.php?hl=3&companyname=Satish%20Seth&start=24",,,,
"244","http://www.youtube.com/user/satishsatishseth?feature=mhee","http://OMAN_PROXY1:8080",,,
"245","http://www.youtube.com/user/satishsatishseth?feature=mhee","http://OMAN_PROXY2:80",,,
"246","http://www.youtube.com/user/satishsatishseth?feature=mhee",,,,
"247","http://www.tumblr.com/tagged/satish+seth","http://OMAN_PROXY1:8080",,,
"248","http://www.tumblr.com/tagged/satish+seth","http://OMAN_PROXY2:80",,,
"249","http://www.tumblr.com/tagged/satish+seth",,,,
"250","http://www.squidoo.com/satish-seth-at-his-adag-village","http://OMAN_PROXY1:8080",,,
"251","http://www.squidoo.com/satish-seth-at-his-adag-village","http://OMAN_PROXY2:80",,,
"252","http://www.squidoo.com/satish-seth-at-his-adag-village",,,,
"253","http://sites.google.com/site/satishsethreliance/journal-blog/satishsethrelianceonthisnicelittlerestaurantonhighway","http://OMAN_PROXY1:8080",,,
"254","http://sites.google.com/site/satishsethreliance/journal-blog/satishsethrelianceonthisnicelittlerestaurantonhighway","http://OMAN_PROXY2:80",,,
"255","http://sites.google.com/site/satishsethreliance/journal-blog/satishsethrelianceonthisnicelittlerestaurantonhighway",,,,
"256","http://www.blogger-index.com/search.php?s=satish+seth","http://OMAN_PROXY1:8080",,,
"257","http://www.blogger-index.com/search.php?s=satish+seth","http://OMAN_PROXY2:80",,,
"258","http://www.blogger-index.com/search.php?s=satish+seth",,,,
"259","http://satishsethadag.livejournal.com/","http://OMAN_PROXY1:8080",,,
"260","http://satishsethadag.livejournal.com/","http://OMAN_PROXY2:80",,,
"261","http://satishsethadag.livejournal.com/",,,,
"262","http://satishsethreliance.tumblr.com/tagged/Satish_Seth","http://OMAN_PROXY1:8080",,,
"263","http://satishsethreliance.tumblr.com/tagged/Satish_Seth","http://OMAN_PROXY2:80",,,
"264","http://satishsethreliance.tumblr.com/tagged/Satish_Seth",,,,
"265","http://satishsethreliance.blog.com/","http://OMAN_PROXY1:8080",,,
"266","http://satishsethreliance.blog.com/","http://OMAN_PROXY2:80",,,
"267","http://satishsethreliance.blog.com/",,,,
"268","http://parenting.feedables.com/story/8652112/Satish-Seth-Reliance-on-His-Dogs-for-Fun-and-Wisdom","http://OMAN_PROXY1:8080",,,
"269","http://parenting.feedables.com/story/8652112/Satish-Seth-Reliance-on-His-Dogs-for-Fun-and-Wisdom","http://OMAN_PROXY2:80",,,
"270","http://parenting.feedables.com/story/8652112/Satish-Seth-Reliance-on-His-Dogs-for-Fun-and-Wisdom",,,,
"271","http://sethadag.typepad.com/blog/","http://OMAN_PROXY1:8080",,,
"272","http://sethadag.typepad.com/blog/","http://OMAN_PROXY2:80",,,
"273","http://sethadag.typepad.com/blog/",,,,
"274","http://www.myspace.com/satishsethreliance","http://OMAN_PROXY1:8080",,,
"275","http://www.myspace.com/satishsethreliance","http://OMAN_PROXY2:80",,,
"276","http://www.myspace.com/satishsethreliance",,,,
"277","http://in.linkedin.com/in/satishsethswan","http://OMAN_PROXY1:8080",,,
"278","http://in.linkedin.com/in/satishsethswan","http://OMAN_PROXY2:80",,,
"279","http://in.linkedin.com/in/satishsethswan",,,,
"280","http://in.linkedin.com/pub/dir/?first=Satish&last=Seth","http://OMAN_PROXY1:8080",,,
"281","http://in.linkedin.com/pub/dir/?first=Satish&last=Seth","http://OMAN_PROXY2:80",,,
"282","http://in.linkedin.com/pub/dir/?first=Satish&last=Seth",,,,
"283","http://satishsethreliance.blogspot.com","http://OMAN_PROXY1:8080",,,
"284","http://satishsethreliance.blogspot.com","http://OMAN_PROXY2:80",,,
"285","http://satishsethreliance.blogspot.com",,,,
"286","http://sites.google.com/site/satishsethreliance/journal-blog/","http://OMAN_PROXY1:8080",,,
"287","http://sites.google.com/site/satishsethreliance/journal-blog/","http://OMAN_PROXY2:80",,,
"288","http://sites.google.com/site/satishsethreliance/journal-blog/",,,,
"289","http://digg.com/satishsethreliance","http://OMAN_PROXY1:8080",,,
"290","http://digg.com/satishsethreliance","http://OMAN_PROXY2:80",,,
"291","http://digg.com/satishsethreliance",,,,
"292","http://in.linkedin.com/in/satishsethreliance","http://OMAN_PROXY1:8080",,,
"293","http://in.linkedin.com/in/satishsethreliance","http://OMAN_PROXY2:80",,,
"294","http://in.linkedin.com/in/satishsethreliance",,,,
"295","http://satishsethadag.tumblr.com/","http://OMAN_PROXY1:8080",,,
"296","http://satishsethadag.tumblr.com/","http://OMAN_PROXY2:80",,,
"297","http://satishsethadag.tumblr.com/",,,,
"298","http://www.facebook.com/public/Satish-Seth-Adag","http://OMAN_PROXY1:8080",,,
"299","http://www.facebook.com/public/Satish-Seth-Adag","http://OMAN_PROXY2:80",,,
"300","http://www.facebook.com/public/Satish-Seth-Adag",,,,
"301","http://www.metacafe.com/channels/satishsethswan/","http://OMAN_PROXY1:8080",,,
"302","http://www.metacafe.com/channels/satishsethswan/","http://OMAN_PROXY2:80",,,
"303","http://www.metacafe.com/channels/satishsethswan/",,,,
"304","http://satishseth2gscamadagofficial.blogspot.com/","http://OMAN_PROXY1:8080",,,
"305","http://satishseth2gscamadagofficial.blogspot.com/","http://OMAN_PROXY2:80",,,
"306","http://satishseth2gscamadagofficial.blogspot.com/",,,,
"307","http://satishsethadag.blogspot.com/2011/08/satish-seth-worships-adag-friends-with.html","http://OMAN_PROXY1:8080",,,
"308","http://satishsethadag.blogspot.com/2011/08/satish-seth-worships-adag-friends-with.html","http://OMAN_PROXY2:80",,,
"309","http://satishsethadag.blogspot.com/2011/08/satish-seth-worships-adag-friends-with.html",,,,
"310","http://www.metacafe.com/watch/7210362/satish_seth_at_his_adag_amma_daddy_as_gods_home_with_pets/","http://OMAN_PROXY1:8080",,,
"311","http://www.metacafe.com/watch/7210362/satish_seth_at_his_adag_amma_daddy_as_gods_home_with_pets/","http://OMAN_PROXY2:80",,,
"312","http://www.metacafe.com/watch/7210362/satish_seth_at_his_adag_amma_daddy_as_gods_home_with_pets/",,,,
"313","http://www.metacafe.com/channels/Satish+Seth+Adag/","http://OMAN_PROXY1:8080",,,
"314","http://www.metacafe.com/channels/Satish+Seth+Adag/","http://OMAN_PROXY2:80",,,
"315","http://www.metacafe.com/channels/Satish+Seth+Adag/",,,,
"316","http://satishsethreliance.blogspot.com/2011/09/satish-seth-reliance-on-his-adag-amma.html","http://OMAN_PROXY1:8080",,,
"317","http://satishsethreliance.blogspot.com/2011/09/satish-seth-reliance-on-his-adag-amma.html","http://OMAN_PROXY2:80",,,
"318","http://satishsethreliance.blogspot.com/2011/09/satish-seth-reliance-on-his-adag-amma.html",,,,
"319","http://satishsethadag.blogspot.com/2011/09/sa-seth-wants-to-know-algorithm-of.html","http://OMAN_PROXY1:8080",,,
"320","http://satishsethadag.blogspot.com/2011/09/sa-seth-wants-to-know-algorithm-of.html","http://OMAN_PROXY2:80",,,
"321","http://satishsethadag.blogspot.com/2011/09/sa-seth-wants-to-know-algorithm-of.html",,,,
"322","http://satishsethadag.blogspot.com/2011/09/adagmant-tommy-not-listening-to-satish.html","http://OMAN_PROXY1:8080",,,
"323","http://satishsethadag.blogspot.com/2011/09/adagmant-tommy-not-listening-to-satish.html","http://OMAN_PROXY2:80",,,
"324","http://satishsethadag.blogspot.com/2011/09/adagmant-tommy-not-listening-to-satish.html",,,,
"325","http://in.linkedin.com/in/satishseth2gscamadagofficial","http://OMAN_PROXY1:8080",,,
"326","http://in.linkedin.com/in/satishseth2gscamadagofficial","http://OMAN_PROXY2:80",,,
"327","http://in.linkedin.com/in/satishseth2gscamadagofficial",,,,
"328","http://www.metacafe.com/channels/Satish+Seth/","http://OMAN_PROXY1:8080",,,
"329","http://www.metacafe.com/channels/Satish+Seth/","http://OMAN_PROXY2:80",,,
"330","http://www.metacafe.com/channels/Satish+Seth/",,,,
"331","http://www.bhandafodu.blogspot.com","http://OMAN_PROXY1:8080",,,
"332","http://www.bhandafodu.blogspot.com","http://OMAN_PROXY2:80",,,
"333","http://www.bhandafodu.blogspot.com",,,,
"334","http://www.bhandafodu.blogspot.com/","http://OMAN_PROXY1:8080",,,
"335","http://www.bhandafodu.blogspot.com/","http://OMAN_PROXY2:80",,,
"336","http://www.bhandafodu.blogspot.com/",,,,
"337","http://bhandafodu.blogspot.com/","http://OMAN_PROXY1:8080",,,
"338","http://bhandafodu.blogspot.com/","http://OMAN_PROXY2:80",,,
"339","http://bhandafodu.blogspot.com/",,,,
"340","http://www.unipay2u.com","http://OMAN_PROXY1:8080",,,
"341","http://www.unipay2u.com","http://OMAN_PROXY2:80",,,
"342","http://www.unipay2u.com",,,,
"343","http://www.unipay2u-international.com","http://OMAN_PROXY1:8080",,,
"344","http://www.unipay2u-international.com","http://OMAN_PROXY2:80",,,
"345","http://www.unipay2u-international.com",,,,
"346","http://www.unipay2u-trading.com","http://OMAN_PROXY1:8080",,,
"347","http://www.unipay2u-trading.com","http://OMAN_PROXY2:80",,,
"348","http://www.unipay2u-trading.com",,,,
"349","http://www.unipaygateway2u.com","http://OMAN_PROXY1:8080",,,
"350","http://www.unipaygateway2u.com","http://OMAN_PROXY2:80",,,
"351","http://www.unipaygateway2u.com",,,,
"352","http://www.unigold2u.com","http://OMAN_PROXY1:8080",,,
"353","http://www.unigold2u.com","http://OMAN_PROXY2:80",,,
"354","http://www.unigold2u.com",,,,
"355","http://www.unicreation2u.com","http://OMAN_PROXY1:8080",,,
"356","http://www.unicreation2u.com","http://OMAN_PROXY2:80",,,
"357","http://www.unicreation2u.com",,,,
"358","http://www.uniexchange2u.com","http://OMAN_PROXY1:8080",,,
"359","http://www.uniexchange2u.com","http://OMAN_PROXY2:80",,,
"360","http://www.uniexchange2u.com",,,,
"361","http://www.visarev.com","http://OMAN_PROXY1:8080",,,
"362","http://www.visarev.com","http://OMAN_PROXY2:80",,,
"363","http://www.visarev.com",,,,
"364","http://www.unipay2u-marketing-private-limited.com","http://OMAN_PROXY1:8080",,,
"365","http://www.unipay2u-marketing-private-limited.com","http://OMAN_PROXY2:80",,,
"366","http://www.unipay2u-marketing-private-limited.com",,,,
"367","http://www.vergingoldint.com","http://OMAN_PROXY1:8080",,,
"368","http://www.vergingoldint.com","http://OMAN_PROXY2:80",,,
"369","http://www.vergingoldint.com",,,,
"370","http://www.ad2earn.com","http://OMAN_PROXY1:8080",,,
"371","http://www.ad2earn.com","http://OMAN_PROXY2:80",,,
"372","http://www.ad2earn.com",,,,
"373","http://www.silobreaker.com/delhi-hc-seeks-response-from-supreme-court-lawyer-for-criticizing-judge-5","http://OMAN_PROXY1:8080",,,
"374","http://www.silobreaker.com/delhi-hc-seeks-response-from-supreme-court-lawyer-for-criticizing-judge-5","http://OMAN_PROXY2:80",,,
"375","http://www.silobreaker.com/delhi-hc-seeks-response-from-supreme-court-lawyer-for-criticizing-judge-5",,,,
"376","http://www.facebook.com/#!/pages/this-dog-will-get-more-fans-than-syad-ali-shah-geelani/219014304783271","http://OMAN_PROXY1:8080",,,
"377","http://www.facebook.com/#!/pages/this-dog-will-get-more-fans-than-syad-ali-shah-geelani/219014304783271","http://OMAN_PROXY2:80",,,
"378","http://www.facebook.com/#!/pages/this-dog-will-get-more-fans-than-syad-ali-shah-geelani/219014304783271",,,,
"379","http://shariah4hind.com","http://OMAN_PROXY1:8080",,,
"380","http://shariah4hind.com","http://OMAN_PROXY2:80",,,
"381","http://shariah4hind.com",,,,
"382","http://hinduexistence.wordpress.comhttp://t0.gstatic.com/images?q=tbn:ANd9GeSCH-Hre979-1xz2ymqpEgMP9x3y8A_P26brhMRiqcui34cqs1s","http://OMAN_PROXY1:8080",,,
"383","http://hinduexistence.wordpress.comhttp://t0.gstatic.com/images?q=tbn:ANd9GeSCH-Hre979-1xz2ymqpEgMP9x3y8A_P26brhMRiqcui34cqs1s","http://OMAN_PROXY2:80",,,
"384","http://hinduexistence.wordpress.comhttp://t0.gstatic.com/images?q=tbn:ANd9GeSCH-Hre979-1xz2ymqpEgMP9x3y8A_P26brhMRiqcui34cqs1s",,,,
"385","http://facebook.com/#!sonniyya/photos","http://OMAN_PROXY1:8080",,,
"386","http://facebook.com/#!sonniyya/photos","http://OMAN_PROXY2:80",,,
"387","http://facebook.com/#!sonniyya/photos",,,,
"388","http://facebook.com/media/set/?set=a.228899373874308.46433.100002627423113&type=3","http://OMAN_PROXY1:8080",,,
"389","http://facebook.com/media/set/?set=a.228899373874308.46433.100002627423113&type=3","http://OMAN_PROXY2:80",,,
"390","http://facebook.com/media/set/?set=a.228899373874308.46433.100002627423113&type=3",,,,
"391","http://epaper.telegraphindia.com/PUBLICATION/TT/TT/2012/03/19.INDEX.SHTML","http://OMAN_PROXY1:8080",,,
"392","http://epaper.telegraphindia.com/PUBLICATION/TT/TT/2012/03/19.INDEX.SHTML","http://OMAN_PROXY2:80",,,
"393","http://epaper.telegraphindia.com/PUBLICATION/TT/TT/2012/03/19.INDEX.SHTML",,,,
"394","http://hinduexistence.wordpress.com/2012/03/oh-not-again.jpg","http://OMAN_PROXY1:8080",,,"yes"
"395","http://hinduexistence.wordpress.com/2012/03/oh-not-again.jpg","http://OMAN_PROXY2:80",,,
"396","http://hinduexistence.wordpress.com/2012/03/oh-not-again.jpg",,,,
"397","http://t0.gstatic.com/images?q=tbn:ANd9GcSCH-Hre979-1xz2ymqpEgMP9x3y8A_P26brhMRiqcui34cqs1s","http://OMAN_PROXY1:8080",,,
"398","http://t0.gstatic.com/images?q=tbn:ANd9GcSCH-Hre979-1xz2ymqpEgMP9x3y8A_P26brhMRiqcui34cqs1s","http://OMAN_PROXY2:80",,,
"399","http://t0.gstatic.com/images?q=tbn:ANd9GcSCH-Hre979-1xz2ymqpEgMP9x3y8A_P26brhMRiqcui34cqs1s",,,,
"400","http://facebook.com/#!media/set/?set=a.228899373874308.46433.100002627423113&type=3","http://OMAN_PROXY1:8080",,,
"401","http://facebook.com/#!media/set/?set=a.228899373874308.46433.100002627423113&type=3","http://OMAN_PROXY2:80",,,
"402","http://facebook.com/#!media/set/?set=a.228899373874308.46433.100002627423113&type=3",,,,
"403","http://t0.gstatic.com/images?q=tbn:ANd9GcSCh-tire979-","http://OMAN_PROXY1:8080",,,
"404","http://t0.gstatic.com/images?q=tbn:ANd9GcSCh-tire979-","http://OMAN_PROXY2:80",,,
"405","http://t0.gstatic.com/images?q=tbn:ANd9GcSCh-tire979-",,,,
"406","http://google.co.in/search?q=telegraphkolkatat2/20march2012&hl=en&prmd=imvns&source=inms&tbm=isch&ei=YvBqT-WxFtHjrAe5s5mdAg&sa=X&oi=modelink&ct=mode&cd=2&ved=0CBUQAU0AQ&biw=1843&bih=959","http://OMAN_PROXY1:8080",,,
"407","http://google.co.in/search?q=telegraphkolkatat2/20march2012&hl=en&prmd=imvns&source=inms&tbm=isch&ei=YvBqT-WxFtHjrAe5s5mdAg&sa=X&oi=modelink&ct=mode&cd=2&ved=0CBUQAU0AQ&biw=1843&bih=959","http://OMAN_PROXY2:80",,,
"408","http://google.co.in/search?q=telegraphkolkatat2/20march2012&hl=en&prmd=imvns&source=inms&tbm=isch&ei=YvBqT-WxFtHjrAe5s5mdAg&sa=X&oi=modelink&ct=mode&cd=2&ved=0CBUQAU0AQ&biw=1843&bih=959",,,,
"409","http://absongs.com","http://OMAN_PROXY1:8080",,,"yes"
"410","http://absongs.com","http://OMAN_PROXY2:80",,,"yes"
"411","http://absongs.com",,,,
"412","http://apniisp.com","http://OMAN_PROXY1:8080",,,
"413","http://apniisp.com","http://OMAN_PROXY2:80",,,
"414","http://apniisp.com",,,,
"415","http://apunkabollywood.com","http://OMAN_PROXY1:8080",,,"yes"
"416","http://apunkabollywood.com","http://OMAN_PROXY2:80",,,"yes"
"417","http://apunkabollywood.com",,,,
"418","http://bollyextreme.com","http://OMAN_PROXY1:8080",,,
"419","http://bollyextreme.com","http://OMAN_PROXY2:80",,,
"420","http://bollyextreme.com",,,,
"421","http://bollywood-hits.com","http://OMAN_PROXY1:8080",,,
"422","http://bollywood-hits.com","http://OMAN_PROXY2:80",,,
"423","http://bollywood-hits.com",,,,
"424","http://bollywoodmp4.com","http://OMAN_PROXY1:8080",,,"yes"
"425","http://bollywoodmp4.com","http://OMAN_PROXY2:80",,,"yes"
"426","http://bollywoodmp4.com",,,,
"427","http://bollywoodstop.com","http://OMAN_PROXY1:8080",,,"yes"
"428","http://bollywoodstop.com","http://OMAN_PROXY2:80",,,"yes"
"429","http://coolgoose.com","http://OMAN_PROXY1:8080",,,
"430","http://coolgoose.com","http://OMAN_PROXY2:80",,,
"431","http://coolgoose.com",,,,
"432","http://dacoolsite.com","http://OMAN_PROXY1:8080",,,"yes"
"433","http://dacoolsite.com","http://OMAN_PROXY2:80",,,"yes"
"434","http://dacoolsite.com",,,,
"435","http://desihits.net","http://OMAN_PROXY1:8080",,,"yes"
"436","http://desihits.net","http://OMAN_PROXY2:80",,,"yes"
"437","http://desihits.net",,,,
"438","http://desifunda.net","http://OMAN_PROXY1:8080",,,
"439","http://desifunda.net","http://OMAN_PROXY2:80",,,
"440","http://desifunda.net",,,,
"441","http://desisong.com","http://OMAN_PROXY1:8080",,,
"442","http://desisong.com","http://OMAN_PROXY2:80",,,
"443","http://desisong.com",,,,
"444","http://downloadming.com","http://OMAN_PROXY1:8080",,,
"445","http://downloadming.com","http://OMAN_PROXY2:80",,,
"446","http://downloadming.com",,,,
"447","http://freeindisongs.com","http://OMAN_PROXY1:8080",,,"yes"
"448","http://freeindisongs.com","http://OMAN_PROXY2:80",,,"yes"
"449","http://freeindisongs.com",,,,
"450","http://funmaza.com","http://OMAN_PROXY1:8080",,,
"451","http://funmaza.com","http://OMAN_PROXY2:80",,,
"452","http://funmaza.com",,,,
"453","http://songs.ind.in","http://OMAN_PROXY1:8080",,,
"454","http://songs.ind.in","http://OMAN_PROXY2:80",,,
"455","http://songs.ind.in",,,,
"456","http://karachimag.com","http://OMAN_PROXY1:8080",,,"yes"
"457","http://karachimag.com","http://OMAN_PROXY2:80",,,"yes"
"458","http://koolfree.com","http://OMAN_PROXY1:8080",,,
"459","http://koolfree.com","http://OMAN_PROXY2:80",,,
"460","http://koolfree.com",,,,
"461","http://mastmag.com","http://OMAN_PROXY1:8080",,,"yes"
"462","http://mastmag.com","http://OMAN_PROXY2:80",,,"yes"
"463","http://mastmag.com",,,,
"464","http://mobraja.com","http://OMAN_PROXY1:8080",,,
"465","http://mobraja.com","http://OMAN_PROXY2:80",,,
"466","http://mobraja.com",,,,
"467","http://mp3paradice.com","http://OMAN_PROXY1:8080",,,
"468","http://mp3paradice.com","http://OMAN_PROXY2:80",,,
"469","http://mp3paradice.com",,,,
"470","http://musicduniya.com","http://OMAN_PROXY1:8080",,,
"471","http://musicduniya.com","http://OMAN_PROXY2:80",,,
"472","http://musicduniya.com",,,,
"473","http://musiqbuzz.com","http://OMAN_PROXY1:8080",,,
"474","http://musiqbuzz.com","http://OMAN_PROXY2:80",,,
"475","http://musiqbuzz.com",,,,
"476","http://muskurahat.com","http://OMAN_PROXY1:8080",,,
"477","http://muskurahat.com","http://OMAN_PROXY2:80",,,
"478","http://muskurahat.com",,,,
"479","http://netmasty.com","http://OMAN_PROXY1:8080",,,
"480","http://netmasty.com","http://OMAN_PROXY2:80",,,
"481","http://netmasty.com",,,,
"482","http://pakfellows.com","http://OMAN_PROXY1:8080",,,
"483","http://pakfellows.com","http://OMAN_PROXY2:80",,,
"484","http://pakfellows.com",,,,
"485","http://playlist.pk","http://OMAN_PROXY1:8080",,,"yes"
"486","http://playlist.pk","http://OMAN_PROXY2:80",,,"yes"
"487","http://playlist.pk",,,,
"488","http://punjabcentral.com","http://OMAN_PROXY1:8080",,,
"489","http://punjabcentral.com","http://OMAN_PROXY2:80",,,
"490","http://punjabcentral.com",,,,
"491","http://radioreloaded.com","http://OMAN_PROXY1:8080",,,
"492","http://radioreloaded.com","http://OMAN_PROXY2:80",,,
"493","http://radioreloaded.com",,,,
"494","http://radiorhythmz.fm","http://OMAN_PROXY1:8080",,,
"495","http://radiorhythmz.fm","http://OMAN_PROXY2:80",,,
"496","http://radiorhythmz.fm",,,,
"497","http://radiorocking.com","http://OMAN_PROXY1:8080",,,
"498","http://radiorocking.com","http://OMAN_PROXY2:80",,,
"499","http://radiorocking.com",,,,
"500","http://rkmania.com","http://OMAN_PROXY1:8080",,,"yes"
"501","http://rkmania.com","http://OMAN_PROXY2:80",,,"yes"
"502","http://rkmania.com",,,,
"503","http://songbox.pk","http://OMAN_PROXY1:8080",,,"yes"
"504","http://songbox.pk","http://OMAN_PROXY2:80",,,"yes"
"505","http://songbox.pk",,,,
"506","http://songsnonstop.com","http://OMAN_PROXY1:8080",,,
"507","http://songsnonstop.com","http://OMAN_PROXY2:80",,,
"508","http://songsnonstop.com",,,,
"509","http://songsrack.com","http://OMAN_PROXY1:8080",,,
"510","http://songsrack.com","http://OMAN_PROXY2:80",,,
"511","http://songsrack.com",,,,
"512","http://songsrip.com","http://OMAN_PROXY1:8080",,,
"513","http://songsrip.com","http://OMAN_PROXY2:80",,,
"514","http://songsrip.com",,,,
"515","http://songzilla.com","http://OMAN_PROXY1:8080",,,
"516","http://songzilla.com","http://OMAN_PROXY2:80",,,
"517","http://songzilla.com",,,,
"518","http://topupmp3.com","http://OMAN_PROXY1:8080",,,"yes"
"519","http://topupmp3.com","http://OMAN_PROXY2:80",,,"yes"
"520","http://topupmp3.com",,,,
"521","http://town67.com","http://OMAN_PROXY1:8080",,,"yes"
"522","http://town67.com","http://OMAN_PROXY2:80",,,"yes"
"523","http://town67.com",,,,
"524","http://100india.com","http://OMAN_PROXY1:8080",,,
"525","http://100india.com","http://OMAN_PROXY2:80",,,
"526","http://100india.com",,,,
"527","http://musicindiaonline.com","http://OMAN_PROXY1:8080",,,
"528","http://musicindiaonline.com","http://OMAN_PROXY2:80",,,
"529","http://musicindiaonline.com",,,,
"530","http://bharatlover.com","http://OMAN_PROXY1:8080",,,
"531","http://bharatlover.com","http://OMAN_PROXY2:80",,,
"532","http://bharatlover.com",,,,
"533","http://cckerala.com","http://OMAN_PROXY1:8080",,,
"534","http://cckerala.com","http://OMAN_PROXY2:80",,,
"535","http://cckerala.com",,,,
"536","http://centralmusiq.com","http://OMAN_PROXY1:8080",,,
"537","http://centralmusiq.com","http://OMAN_PROXY2:80",,,
"538","http://centralmusiq.com",,,,
"539","http://chimatamusic.com","http://OMAN_PROXY1:8080",,,
"540","http://chimatamusic.com","http://OMAN_PROXY2:80",,,
"541","http://chimatamusic.com",,,,
"542","http://desimusic.com","http://OMAN_PROXY1:8080",,,"yes"
"543","http://desimusic.com","http://OMAN_PROXY2:80",,,"yes"
"544","http://desimusic.com",,,,
"545","http://desishock.net","http://OMAN_PROXY1:8080",,,
"546","http://desishock.net","http://OMAN_PROXY2:80",,,
"547","http://desishock.net",,,,
"548","http://dhool.com","http://OMAN_PROXY1:8080",,,
"549","http://dhool.com","http://OMAN_PROXY2:80",,,
"550","http://dhool.com",,,,
"551","http://dishant.com","http://OMAN_PROXY1:8080",,,
"552","http://dishant.com","http://OMAN_PROXY2:80",,,
"553","http://dishant.com",,,,
"554","http://filmimusic.com","http://OMAN_PROXY1:8080",,,
"555","http://filmimusic.com","http://OMAN_PROXY2:80",,,
"556","http://filmimusic.com",,,,
"557","http://fun1001.com","http://OMAN_PROXY1:8080",,,"yes"
"558","http://fun1001.com","http://OMAN_PROXY2:80",,,"yes"
"559","http://hindimirchi.com","http://OMAN_PROXY1:8080",,,"yes"
"560","http://hindimirchi.com","http://OMAN_PROXY2:80",,,"yes"
"561","http://hindimirchi.com",,,,
"562","http://sunomusic.com","http://OMAN_PROXY1:8080",,,
"563","http://sunomusic.com","http://OMAN_PROXY2:80",,,
"564","http://sunomusic.com",,,,
"565","http://telugufm.com","http://OMAN_PROXY1:8080",,,
"566","http://telugufm.com","http://OMAN_PROXY2:80",,,
"567","http://telugufm.com",,,,
"568","http://yolike.com","http://OMAN_PROXY1:8080",,,
"569","http://yolike.com","http://OMAN_PROXY2:80",,,
"570","http://yolike.com",,,,
"571","http://andhravillas.com","http://OMAN_PROXY1:8080",,,
"572","http://andhravillas.com","http://OMAN_PROXY2:80",,,
"573","http://andhravillas.com",,,,
"574","http://smashits.com","http://OMAN_PROXY1:8080",,,"yes"
"575","http://smashits.com","http://OMAN_PROXY2:80",,,"yes"
"576","http://smashits.com",,,,
"577","http://songdad.com","http://OMAN_PROXY1:8080",,,
"578","http://songdad.com","http://OMAN_PROXY2:80",,,
"579","http://songdad.com",,,,
"580","http://songslover.net","http://OMAN_PROXY1:8080",,,
"581","http://songslover.net","http://OMAN_PROXY2:80",,,
"582","http://songslover.net",,,,
"583","http://ragalahari.com","http://OMAN_PROXY1:8080",,,"yes"
"584","http://ragalahari.com","http://OMAN_PROXY2:80",,,"yes"
"585","http://ragalahari.com",,,,
"586","http://freeplaymp3songdownload.com","http://OMAN_PROXY1:8080",,,"yes"
"587","http://freeplaymp3songdownload.com","http://OMAN_PROXY2:80",,,"yes"
"588","http://freeplaymp3songdownload.com",,,,
"589","http://desijammers.com","http://OMAN_PROXY1:8080",,,"yes"
"590","http://desijammers.com","http://OMAN_PROXY2:80",,,"yes"
"591","http://desijammers.com",,,,
"592","http://thenisai.com","http://OMAN_PROXY1:8080",,,"yes"
"593","http://thenisai.com","http://OMAN_PROXY2:80",,,"yes"
"594","http://thenisai.com",,,,
"595","http://mp3feelings.com","http://OMAN_PROXY1:8080",,,"yes"
"596","http://mp3feelings.com","http://OMAN_PROXY2:80",,,"yes"
"597","http://mp3feelings.com",,,,
"598","http://mazafm.com","http://OMAN_PROXY1:8080",,,"yes"
"599","http://mazafm.com","http://OMAN_PROXY2:80",,,"yes"
"600","http://mazafm.com",,,,
"601","http://kjyesudas.com","http://OMAN_PROXY1:8080",,,
"602","http://kjyesudas.com","http://OMAN_PROXY2:80",,,
"603","http://kjyesudas.com",,,,
"604","http://jaanfm.com","http://OMAN_PROXY1:8080",,,
"605","http://jaanfm.com","http://OMAN_PROXY2:80",,,
"606","http://jaanfm.com",,,,
"607","http://gr8click.com","http://OMAN_PROXY1:8080",,,
"608","http://gr8click.com","http://OMAN_PROXY2:80",,,
"609","http://gr8click.com",,,,
"610","http://funscrape.com","http://OMAN_PROXY1:8080",,,
"611","http://funscrape.com","http://OMAN_PROXY2:80",,,
"612","http://funscrape.com",,,,
"613","http://tamilmaalai.com","http://OMAN_PROXY1:8080",,,
"614","http://tamilmaalai.com","http://OMAN_PROXY2:80",,,
"615","http://tamilmaalai.com",,,,
"616","http://tamilkey.info","http://OMAN_PROXY1:8080",,,
"617","http://tamilkey.info","http://OMAN_PROXY2:80",,,
"618","http://tamilkey.info",,,,
"619","http://vmusiq.com","http://OMAN_PROXY1:8080",,,"yes"
"620","http://vmusiq.com","http://OMAN_PROXY2:80",,,"yes"
"621","http://vmusiq.com",,,,
"622","http://sevanthi.com","http://OMAN_PROXY1:8080",,,
"623","http://sevanthi.com","http://OMAN_PROXY2:80",,,
"624","http://sevanthi.com",,,,
"625","http://tamilwire.com","http://OMAN_PROXY1:8080",,,
"626","http://tamilwire.com","http://OMAN_PROXY2:80",,,
"627","http://tamilwire.com",,,,
"628","http://a2ztamilsongs.com","http://OMAN_PROXY1:8080",,,
"629","http://a2ztamilsongs.com","http://OMAN_PROXY2:80",,,
"630","http://a2ztamilsongs.com",,,,
"631","http://123music.mobi","http://OMAN_PROXY1:8080",,,
"632","http://123music.mobi","http://OMAN_PROXY2:80",,,
"633","http://123music.mobi",,,,
"634","http://desiden.mobi","http://OMAN_PROXY1:8080",,,"yes"
"635","http://desiden.mobi","http://OMAN_PROXY2:80",,,"yes"
"636","http://desiden.mobi",,,,
"637","http://longmp3.mobi","http://OMAN_PROXY1:8080",,,
"638","http://longmp3.mobi","http://OMAN_PROXY2:80",,,
"639","http://longmp3.mobi",,,,
"640","http://krazywap.com","http://OMAN_PROXY1:8080",,,
"641","http://krazywap.com","http://OMAN_PROXY2:80",,,
"642","http://krazywap.com",,,,
"643","http://mobile-zon.com","http://OMAN_PROXY1:8080",,,
"644","http://mobile-zon.com","http://OMAN_PROXY2:80",,,
"645","http://mobile-zon.com",,,,
"646","http://mymp3.mobi","http://OMAN_PROXY1:8080",,,
"647","http://mymp3.mobi","http://OMAN_PROXY2:80",,,
"648","http://mymp3.mobi",,,,
"649","http://samwep.com","http://OMAN_PROXY1:8080",,,
"650","http://samwep.com","http://OMAN_PROXY2:80",,,
"651","http://samwep.com",,,,
"652","http://spicyfm.com","http://OMAN_PROXY1:8080",,,
"653","http://spicyfm.com","http://OMAN_PROXY2:80",,,
"654","http://spicyfm.com",,,,
"655","http://wapindia.net","http://OMAN_PROXY1:8080",,,
"656","http://wapindia.net","http://OMAN_PROXY2:80",,,
"657","http://wapindia.net",,,,
"658","http://wapmaza.mobi","http://OMAN_PROXY1:8080",,,"yes"
"659","http://wapmaza.mobi","http://OMAN_PROXY2:80",,,"yes"
"660","http://waprocks.in","http://OMAN_PROXY1:8080",,,
"661","http://waprocks.in","http://OMAN_PROXY2:80",,,
"662","http://waprocks.in",,,,
"663","http://mobidreamz.com","http://OMAN_PROXY1:8080",,,
"664","http://mobidreamz.com","http://OMAN_PROXY2:80",,,
"665","http://mobidreamz.com",,,,
"666","http://waptamil.net","http://OMAN_PROXY1:8080",,,
"667","http://waptamil.net","http://OMAN_PROXY2:80",,,
"668","http://waptamil.net",,,,
"669","http://zinkwap.com","http://OMAN_PROXY1:8080",,,"yes"
"670","http://zinkwap.com","http://OMAN_PROXY2:80",,,"yes"
"671","http://zinkwap.com",,,,
"672","http://desibajao.net","http://OMAN_PROXY1:8080",,,
"673","http://desibajao.net","http://OMAN_PROXY2:80",,,
"674","http://desibajao.net",,,,
"675","http://gogrumogru.com","http://OMAN_PROXY1:8080",,,"yes"
"676","http://gogrumogru.com","http://OMAN_PROXY2:80",,,"yes"
"677","http://bollywood-hits.com/","http://OMAN_PROXY1:8080",,,
"678","http://bollywood-hits.com/","http://OMAN_PROXY2:80",,,
"679","http://bollywood-hits.com/",,,,
"680","http://songslover.com","http://OMAN_PROXY1:8080",,,
"681","http://songslover.com","http://OMAN_PROXY2:80",,,
"682","http://songslover.com",,,,
"683","http://www.facebook.com/pages/The-Real-Hindusm-FighterkuverDeepnayaningh/314528855253976","http://OMAN_PROXY1:8080",,,
"684","http://www.facebook.com/pages/The-Real-Hindusm-FighterkuverDeepnayaningh/314528855253976","http://OMAN_PROXY2:80",,,
"685","http://www.facebook.com/pages/The-Real-Hindusm-FighterkuverDeepnayaningh/314528855253976",,,,
"686","http://facebook.com/photo.php?fbid=2460992102663&set=0.314528855253976&type=1","http://OMAN_PROXY1:8080",,,
"687","http://facebook.com/photo.php?fbid=2460992102663&set=0.314528855253976&type=1","http://OMAN_PROXY2:80",,,
"688","http://facebook.com/photo.php?fbid=2460992102663&set=0.314528855253976&type=1",,,,
"689","http://facebook.com/photo.php?fbid=2460932541174%set=0.314528855253976&type=1#!photo.php?fbnid=2460904580475&set=0.314528855253976&type=1&permPage=1","http://OMAN_PROXY1:8080",,,
"690","http://facebook.com/photo.php?fbid=2460932541174%set=0.314528855253976&type=1#!photo.php?fbnid=2460904580475&set=0.314528855253976&type=1&permPage=1","http://OMAN_PROXY2:80",,,
"691","http://facebook.com/photo.php?fbid=2460932541174%set=0.314528855253976&type=1#!photo.php?fbnid=2460904580475&set=0.314528855253976&type=1&permPage=1",,,,
"692","http://facebook.com/pages/The-Real-Hindusm-FighterkuverDeepnayaningh/314528855253976","http://OMAN_PROXY1:8080",,,
"693","http://facebook.com/pages/The-Real-Hindusm-FighterkuverDeepnayaningh/314528855253976","http://OMAN_PROXY2:80",,,
"694","http://facebook.com/pages/The-Real-Hindusm-FighterkuverDeepnayaningh/314528855253976",,,,
"695","http://www.facebook.com/pages/The-Real-Hindusm-FighterkuverDeepnayaningh/314528855253976#!/photo.php?fbid=360284344011760&set=a.315702081803320.78979.314528855253976&type=1&theater","http://OMAN_PROXY1:8080",,,
"696","http://www.facebook.com/pages/The-Real-Hindusm-FighterkuverDeepnayaningh/314528855253976#!/photo.php?fbid=360284344011760&set=a.315702081803320.78979.314528855253976&type=1&theater","http://OMAN_PROXY2:80",,,
"697","http://www.facebook.com/pages/The-Real-Hindusm-FighterkuverDeepnayaningh/314528855253976#!/photo.php?fbid=360284344011760&set=a.315702081803320.78979.314528855253976&type=1&theater",,,,
"698","http://facebook.com/pages/The-Real-Hindusm-FighterkuverDeepnayaningh/314528855253976#!/photo.php?fbid=360284344011760&set=a.315702081803320.78979.314528855253976&type=1&theater","http://OMAN_PROXY1:8080",,,
"699","http://facebook.com/pages/The-Real-Hindusm-FighterkuverDeepnayaningh/314528855253976#!/photo.php?fbid=360284344011760&set=a.315702081803320.78979.314528855253976&type=1&theater","http://OMAN_PROXY2:80",,,
"700","http://facebook.com/pages/The-Real-Hindusm-FighterkuverDeepnayaningh/314528855253976#!/photo.php?fbid=360284344011760&set=a.315702081803320.78979.314528855253976&type=1&theater",,,,
"701","http://tamilfms.com","http://OMAN_PROXY1:8080",,,
"702","http://tamilfms.com","http://OMAN_PROXY2:80",,,
"703","http://tamilfms.com",,,,
"704","http://tamilkuru.com","http://OMAN_PROXY1:8080",,,
"705","http://tamilkuru.com","http://OMAN_PROXY2:80",,,
"706","http://tamilkuru.com",,,,
"707","http://tamilpeek.com","http://OMAN_PROXY1:8080",,,
"708","http://tamilpeek.com","http://OMAN_PROXY2:80",,,
"709","http://tamilpeek.com",,,,
"710","http://tamiltorrents.net","http://OMAN_PROXY1:8080",,,
"711","http://tamiltorrents.net","http://OMAN_PROXY2:80",,,
"712","http://tamiltorrents.net",,,,
"713","http://tamilvix.com","http://OMAN_PROXY1:8080",,,
"714","http://tamilvix.com","http://OMAN_PROXY2:80",,,
"715","http://tamilvix.com",,,,
"716","http://telugucinemascreen.in","http://OMAN_PROXY1:8080",,,
"717","http://telugucinemascreen.in","http://OMAN_PROXY2:80",,,
"718","http://telugucinemascreen.in",,,,
"719","http://telugunagar.com","http://OMAN_PROXY1:8080",,,
"720","http://telugunagar.com","http://OMAN_PROXY2:80",,,
"721","http://telugunagar.com",,,,
"722","http://telugustudio.net","http://OMAN_PROXY1:8080",,,
"723","http://telugustudio.net","http://OMAN_PROXY2:80",,,
"724","http://telugustudio.net",,,,
"725","http://telugu-theater.com","http://OMAN_PROXY1:8080",,,
"726","http://telugu-theater.com","http://OMAN_PROXY2:80",,,
"727","http://telugu-theater.com",,,,
"728","http://teluguwala.com","http://OMAN_PROXY1:8080",,,
"729","http://teluguwala.com","http://OMAN_PROXY2:80",,,
"730","http://teluguwala.com",,,,
"731","http://thepiratebay.ee","http://OMAN_PROXY1:8080",,,
"732","http://thepiratebay.ee","http://OMAN_PROXY2:80",,,
"733","http://thepiratebay.ee",,,,
"734","http://thisis50.com","http://OMAN_PROXY1:8080",,,
"735","http://thisis50.com","http://OMAN_PROXY2:80",,,
"736","http://thisis50.com",,,,
"737","http://tollyzone.com","http://OMAN_PROXY1:8080",,,
"738","http://tollyzone.com","http://OMAN_PROXY2:80",,,
"739","http://tollyzone.com",,,,
"740","http://torlock.com","http://OMAN_PROXY1:8080",,,
"741","http://torlock.com","http://OMAN_PROXY2:80",,,
"742","http://torlock.com",,,,
"743","http://torrent.cd","http://OMAN_PROXY1:8080","yes",,
"744","http://torrent.cd","http://OMAN_PROXY2:80","yes",,
"745","http://torrentbit.net","http://OMAN_PROXY1:8080","yes",,
"746","http://torrentbit.net","http://OMAN_PROXY2:80","yes",,
"747","http://torrentbit.net",,,,
"748","http://torrentcrazy.com","http://OMAN_PROXY1:8080",,,
"749","http://torrentcrazy.com","http://OMAN_PROXY2:80",,,
"750","http://torrentcrazy.com",,,,
"751","http://torrentdownload.ws","http://OMAN_PROXY1:8080",,,
"752","http://torrentdownload.ws","http://OMAN_PROXY2:80",,,
"753","http://torrentdownload.ws",,,,
"754","http://torrentdownloads.net","http://OMAN_PROXY1:8080",,,
"755","http://torrentdownloads.net","http://OMAN_PROXY2:80",,,
"756","http://torrentdownloads.net",,,,
"757","http://torrentdownloads.ws","http://OMAN_PROXY1:8080","yes",,
"758","http://torrentdownloads.ws","http://OMAN_PROXY2:80","yes",,
"759","http://torrentdownloads.ws",,,,
"760","http://torrentfunk.com","http://OMAN_PROXY1:8080","yes",,
"761","http://torrentfunk.com","http://OMAN_PROXY2:80","yes",,
"762","http://torrentmatrix.com","http://OMAN_PROXY1:8080","yes",,
"763","http://torrentmatrix.com","http://OMAN_PROXY2:80","yes",,
"764","http://torrentmatrix.com",,,,
"765","http://torrentmonkeys.com","http://OMAN_PROXY1:8080",,,
"766","http://torrentmonkeys.com","http://OMAN_PROXY2:80",,,
"767","http://torrentmonkeys.com",,,,
"768","http://torrentr.eu","http://OMAN_PROXY1:8080",,,
"769","http://torrentr.eu","http://OMAN_PROXY2:80",,,
"770","http://torrentr.eu",,,,
"771","http://123tamilforum.com","http://OMAN_PROXY1:8080",,,"yes"
"772","http://123tamilforum.com","http://OMAN_PROXY2:80",,,"yes"
"773","http://123tamilforum.com",,,,
"774","http://1337x.org","http://OMAN_PROXY1:8080",,,
"775","http://1337x.org","http://OMAN_PROXY2:80",,,
"776","http://1337x.org",,,,
"777","http://180upload.com","http://OMAN_PROXY1:8080",,,
"778","http://180upload.com","http://OMAN_PROXY2:80",,,
"779","http://180upload.com",,,,
"780","http://3gpmovieswap.com","http://OMAN_PROXY1:8080",,,
"781","http://3gpmovieswap.com","http://OMAN_PROXY2:80",,,
"782","http://3gpmovieswap.com",,,,
"783","http://3gptamilmoviez.blogspot.in","http://OMAN_PROXY1:8080",,,
"784","http://3gptamilmoviez.blogspot.in","http://OMAN_PROXY2:80",,,
"785","http://3gptamilmoviez.blogspot.in",,,,
"786","http://adakoo.com","http://OMAN_PROXY1:8080",,,
"787","http://adakoo.com","http://OMAN_PROXY2:80",,,
"788","http://adakoo.com",,,,
"789","http://andhragallerys.blogspot.in","http://OMAN_PROXY1:8080",,,
"790","http://andhragallerys.blogspot.in","http://OMAN_PROXY2:80",,,
"791","http://andhragallerys.blogspot.in",,,,
"792","http://apnadesitv.wordpress.com","http://OMAN_PROXY1:8080",,,
"793","http://apnadesitv.wordpress.com","http://OMAN_PROXY2:80",,,
"794","http://apnadesitv.wordpress.com",,,,
"795","http://apnaindia.com","http://OMAN_PROXY1:8080",,,
"796","http://apnaindia.com","http://OMAN_PROXY2:80",,,
"797","http://apnaindia.com",,,,
"798","http://ashoksmsking.blogspot.in","http://OMAN_PROXY1:8080",,,
"799","http://ashoksmsking.blogspot.in","http://OMAN_PROXY2:80",,,
"800","http://ashoksmsking.blogspot.in",,,,
"801","http://bitsnoop.com","http://OMAN_PROXY1:8080",,,
"802","http://bitsnoop.com","http://OMAN_PROXY2:80",,,
"803","http://bitsnoop.com",,,,
"804","http://bittorrent.am","http://OMAN_PROXY1:8080","yes",,
"805","http://bittorrent.am","http://OMAN_PROXY2:80","yes",,
"806","http://bittorrent.am",,,,
"807","http://bittrend.com","http://OMAN_PROXY1:8080",,,
"808","http://bittrend.com","http://OMAN_PROXY2:80",,,
"809","http://bittrend.com",,,,
"810","http://bulkdownloadz.blogspot.in","http://OMAN_PROXY1:8080",,,
"811","http://bulkdownloadz.blogspot.in","http://OMAN_PROXY2:80",,,
"812","http://bulkdownloadz.blogspot.in",,,,
"813","http://cinegallerys.blogspot.in","http://OMAN_PROXY1:8080",,,
"814","http://cinegallerys.blogspot.in","http://OMAN_PROXY2:80",,,
"815","http://cinegallerys.blogspot.in",,,,
"816","http://cinehall.net","http://OMAN_PROXY1:8080",,,
"817","http://cinehall.net","http://OMAN_PROXY2:80",,,
"818","http://cinehall.net",,,,
"819","http://cinemas-123andrawala.blogspot.in","http://OMAN_PROXY1:8080",,,
"820","http://cinemas-123andrawala.blogspot.in","http://OMAN_PROXY2:80",,,
"821","http://cinemas-123andrawala.blogspot.in",,,,
"822","http://cinerak.blogspot.in","http://OMAN_PROXY1:8080",,,
"823","http://cinerak.blogspot.in","http://OMAN_PROXY2:80",,,
"824","http://cinerak.blogspot.in",,,,
"825","http://cinereview1.blogspot.in","http://OMAN_PROXY1:8080",,,
"826","http://cinereview1.blogspot.in","http://OMAN_PROXY2:80",,,
"827","http://cinereview1.blogspot.in",,,,
"828","http://coolgobo.blogspot.in","http://OMAN_PROXY1:8080",,,
"829","http://coolgobo.blogspot.in","http://OMAN_PROXY2:80",,,
"830","http://coolgobo.blogspot.in",,,,
"831","http://datacommunication2011.blogspot.in","http://OMAN_PROXY1:8080",,,
"832","http://datacommunication2011.blogspot.in","http://OMAN_PROXY2:80",,,
"833","http://datacommunication2011.blogspot.in",,,,
"834","http://depiraatbaai.be","http://OMAN_PROXY1:8080",,,
"835","http://depiraatbaai.be","http://OMAN_PROXY2:80",,,
"836","http://depiraatbaai.be",,,,
"837","http://desibuffer.com","http://OMAN_PROXY1:8080",,,
"838","http://desibuffer.com","http://OMAN_PROXY2:80",,,
"839","http://desibuffer.com",,,,
"840","http://downloadsguru.com","http://OMAN_PROXY1:8080",,,
"841","http://downloadsguru.com","http://OMAN_PROXY2:80",,,
"842","http://downloadsguru.com",,,,
"843","http://downloadsinglelinkmovies.blogspot.in","http://OMAN_PROXY1:8080",,,
"844","http://downloadsinglelinkmovies.blogspot.in","http://OMAN_PROXY2:80",,,
"845","http://downloadsinglelinkmovies.blogspot.in",,,,
"846","http://entertainment-blast.blogspot.in","http://OMAN_PROXY1:8080",,,
"847","http://entertainment-blast.blogspot.in","http://OMAN_PROXY2:80",,,
"848","http://entertainment-blast.blogspot.in",,,,
"849","http://etamilcine.blogspot.in","http://OMAN_PROXY1:8080",,,
"850","http://etamilcine.blogspot.in","http://OMAN_PROXY2:80",,,
"851","http://etamilcine.blogspot.in",,,,
"852","http://extratorrent.com","http://OMAN_PROXY1:8080","yes",,
"853","http://extratorrent.com","http://OMAN_PROXY2:80","yes",,
"854","http://extratorrent.com",,,,
"855","http://fenopy.eu","http://OMAN_PROXY1:8080",,,
"856","http://fenopy.eu","http://OMAN_PROXY2:80",,,
"857","http://fenopy.eu",,,,
"858","http://techsatish.net","http://OMAN_PROXY1:8080",,,
"859","http://techsatish.net","http://OMAN_PROXY2:80",,,
"860","http://techsatish.net",,,,
"861","http://telugumovieslive.com","http://OMAN_PROXY1:8080",,,
"862","http://telugumovieslive.com","http://OMAN_PROXY2:80",,,
"863","http://telugumovieslive.com",,,,
"864","http://telugustudio4u.blogspot.com","http://OMAN_PROXY1:8080",,,
"865","http://telugustudio4u.blogspot.com","http://OMAN_PROXY2:80",,,
"866","http://telugustudio4u.blogspot.com",,,,
"867","http://thalathalapathy.com","http://OMAN_PROXY1:8080",,,
"868","http://thalathalapathy.com","http://OMAN_PROXY2:80",,,
"869","http://thalathalapathy.com",,,,
"870","http://thepiratebay.org","http://OMAN_PROXY1:8080",,"yes",
"871","http://thepiratebay.org","http://OMAN_PROXY2:80",,"yes",
"872","http://thepiratebay.org",,,,
"873","http://thepiratebay.se","http://OMAN_PROXY1:8080",,"yes",
"874","http://thepiratebay.se","http://OMAN_PROXY2:80",,"yes",
"875","http://thepiratebay.se",,,,
"876","http://tollybolly.net","http://OMAN_PROXY1:8080",,,
"877","http://tollybolly.net","http://OMAN_PROXY2:80",,,
"878","http://tollybolly.net",,,,
"879","http://tollywoodbolly.blogspot.com","http://OMAN_PROXY1:8080",,,
"880","http://tollywoodbolly.blogspot.com","http://OMAN_PROXY2:80",,,
"881","http://tollywoodbolly.blogspot.com",,,,
"882","http://torentilo.com","http://OMAN_PROXY1:8080",,,
"883","http://torentilo.com","http://OMAN_PROXY2:80",,,
"884","http://torentilo.com",,,,
"885","http://torrage.com","http://OMAN_PROXY1:8080",,,
"886","http://torrage.com","http://OMAN_PROXY2:80",,,
"887","http://torrage.com",,,,
"888","http://torrent.dl4all.com","http://OMAN_PROXY1:8080",,,
"889","http://torrent.dl4all.com","http://OMAN_PROXY2:80",,,
"890","http://torrent.dl4all.com",,,,
"891","http://torrentdeluxe.com","http://OMAN_PROXY1:8080",,,
"892","http://torrentdeluxe.com","http://OMAN_PROXY2:80",,,
"893","http://torrentdeluxe.com",,,,
"894","http://torrenthouse2.blogspot.com","http://OMAN_PROXY1:8080",,,
"895","http://torrenthouse2.blogspot.com","http://OMAN_PROXY2:80",,,
"896","http://torrenthouse2.blogspot.com",,,,
"897","http://torrenthouse2.blogspot.in","http://OMAN_PROXY1:8080",,,
"898","http://torrenthouse2.blogspot.in","http://OMAN_PROXY2:80",,,
"899","http://torrenthouse2.blogspot.in",,,,
"900","http://torrents.sumotorrent.com","http://OMAN_PROXY1:8080",,,
"901","http://torrents.sumotorrent.com","http://OMAN_PROXY2:80",,,
"902","http://torrents.sumotorrent.com",,,,
"903","http://torrents.thepiratebay.se","http://OMAN_PROXY1:8080",,"yes",
"904","http://torrents.thepiratebay.se","http://OMAN_PROXY2:80",,"yes",
"905","http://torrents.thepiratebay.se",,,,
"906","http://torrentz.eu","http://OMAN_PROXY1:8080",,,
"907","http://torrentz.eu","http://OMAN_PROXY2:80",,,
"908","http://torrentz.eu",,,,
"909","http://tpb.piratenpartij.nl","http://OMAN_PROXY1:8080",,,
"910","http://tpb.piratenpartij.nl","http://OMAN_PROXY2:80",,,
"911","http://tpb.piratenpartij.nl",,,,
"912","http://tvcroom.com","http://OMAN_PROXY1:8080",,,
"913","http://tvcroom.com","http://OMAN_PROXY2:80",,,
"914","http://tvcroom.com",,,,
"915","http://uyirisai.com","http://OMAN_PROXY1:8080",,,
"916","http://uyirisai.com","http://OMAN_PROXY2:80",,,
"917","http://uyirisai.com",,,,
"918","http://videos.videomasti.net","http://OMAN_PROXY1:8080",,,
"919","http://videos.videomasti.net","http://OMAN_PROXY2:80",,,
"920","http://videos.videomasti.net",,,,
"921","http://videos2movies.com","http://OMAN_PROXY1:8080",,,
"922","http://videos2movies.com","http://OMAN_PROXY2:80",,,
"923","http://videos2movies.com",,,,
"924","http://vimeo.com","http://OMAN_PROXY1:8080",,,
"925","http://vimeo.com","http://OMAN_PROXY2:80",,,
"926","http://vimeo.com",,,,
"927","http://vishnu4s.blogspot.in","http://OMAN_PROXY1:8080",,,
"928","http://vishnu4s.blogspot.in","http://OMAN_PROXY2:80",,,
"929","http://vishnu4s.blogspot.in",,,,
"930","http://watchinvideobb.blogspot.com","http://OMAN_PROXY1:8080",,,
"931","http://watchinvideobb.blogspot.com","http://OMAN_PROXY2:80",,,
"932","http://watchinvideobb.blogspot.com",,,,
"933","http://watchinvideozer.blogspot.com","http://OMAN_PROXY1:8080",,,
"934","http://watchinvideozer.blogspot.com","http://OMAN_PROXY2:80",,,
"935","http://watchinvideozer.blogspot.com",,,,
"936","http://webfaris75.com","http://OMAN_PROXY1:8080",,,
"937","http://webfaris75.com","http://OMAN_PROXY2:80",,,
"938","http://webfaris75.com",,,,
"939","http://torrentroom.com","http://OMAN_PROXY1:8080",,,
"940","http://torrentroom.com","http://OMAN_PROXY2:80",,,
"941","http://torrentroom.com",,,,
"942","http://torrents.net","http://OMAN_PROXY1:8080",,,
"943","http://torrents.net","http://OMAN_PROXY2:80",,,
"944","http://torrents.net",,,,
"945","http://torrentsland.com","http://OMAN_PROXY1:8080",,,
"946","http://torrentsland.com","http://OMAN_PROXY2:80",,,
"947","http://torrentsland.com",,,,
"948","http://torrentssection.com","http://OMAN_PROXY1:8080",,,
"949","http://torrentssection.com","http://OMAN_PROXY2:80",,,
"950","http://torrentssection.com",,,,
"951","http://torrentsstate.com","http://OMAN_PROXY1:8080",,,
"952","http://torrentsstate.com","http://OMAN_PROXY2:80",,,
"953","http://torrentsstate.com",,,,
"954","http://torrenttracker.com","http://OMAN_PROXY1:8080",,,
"955","http://torrenttracker.com","http://OMAN_PROXY2:80",,,
"956","http://torrenttracker.com",,,,
"957","http://torrentv.org","http://OMAN_PROXY1:8080",,,
"958","http://torrentv.org","http://OMAN_PROXY2:80",,,
"959","http://torrentv.org",,,,
"960","http://torrentz.me","http://OMAN_PROXY1:8080",,,
"961","http://torrentz.me","http://OMAN_PROXY2:80",,,
"962","http://torrentz.me",,,,
"963","http://torrentzap.com","http://OMAN_PROXY2:80",,,
"964","http://torrentzap.com",,,,
"965","http://uyirvani.com","http://OMAN_PROXY1:8080",,,
"966","http://uyirvani.com","http://OMAN_PROXY2:80",,,
"967","http://uyirvani.com",,,,
"968","http://videobb.com","http://OMAN_PROXY1:8080",,,
"969","http://videobb.com","http://OMAN_PROXY2:80",,,
"970","http://videobb.com",,,,
"971","http://videoembed.us","http://OMAN_PROXY1:8080",,,
"972","http://videoembed.us","http://OMAN_PROXY2:80",,,
"973","http://videoembed.us",,,,
"974","http://videozer.om","http://OMAN_PROXY1:8080",,,
"975","http://videozer.om","http://OMAN_PROXY2:80",,,
"976","http://videozer.om",,,,
"977","http://vijaytamil.com","http://OMAN_PROXY1:8080",,,
"978","http://vijaytamil.com","http://OMAN_PROXY2:80",,,
"979","http://vijaytamil.com",,,,
"980","http://youbittorrent.com","http://OMAN_PROXY1:8080",,,
"981","http://youbittorrent.com","http://OMAN_PROXY2:80",,,
"982","http://youbittorrent.com",,,,
"983","http://zimbio.com","http://OMAN_PROXY1:8080",,,
"984","http://zimbio.com","http://OMAN_PROXY2:80",,,
"985","http://zimbio.com",,,,
"986","http://yampblog.blogspot.in","http://OMAN_PROXY1:8080",,,
"987","http://yampblog.blogspot.in","http://OMAN_PROXY2:80",,,
"988","http://yampblog.blogspot.in",,,,
"989","http://megavideo.com","http://OMAN_PROXY1:8080",,"yes",
"990","http://megavideo.com","http://OMAN_PROXY2:80",,"yes",
"991","http://megavideo.com",,,,
"992","http://torrentrockerz.com","http://OMAN_PROXY1:8080",,,
"993","http://torrentrockerz.com","http://OMAN_PROXY2:80",,,
"994","http://torrentrockerz.com",,,,
"995","http://lazydesis.com","http://OMAN_PROXY1:8080",,,
"996","http://lazydesis.com","http://OMAN_PROXY2:80",,,
"997","http://lazydesis.com",,,,
"998","http://da-pirates.com","http://OMAN_PROXY1:8080",,,
"999","http://da-pirates.com","http://OMAN_PROXY2:80",,,
"1000","http://da-pirates.com",,,,
"1001","http://spicybeats.com","http://OMAN_PROXY1:8080",,,
"1002","http://spicybeats.com","http://OMAN_PROXY2:80",,,
"1003","http://spicybeats.com",,,,
"1004","http://indianmasti.net","http://OMAN_PROXY1:8080",,,"yes"
"1005","http://indianmasti.net","http://OMAN_PROXY2:80",,,"yes"
"1006","http://videomasti.net","http://OMAN_PROXY1:8080",,,
"1007","http://videomasti.net","http://OMAN_PROXY2:80",,,
"1008","http://videomasti.net",,,,
"1009","http://torrentz.com","http://OMAN_PROXY1:8080",,,
"1010","http://torrentz.com","http://OMAN_PROXY2:80",,,
"1011","http://torrentz.com",,,,
"1012","http://extreemsongs.com","http://OMAN_PROXY1:8080",,,
"1013","http://extreemsongs.com","http://OMAN_PROXY2:80",,,
"1014","http://extreemsongs.com",,,,
"1015","http://legendarydevils.com","http://OMAN_PROXY1:8080",,,
"1016","http://legendarydevils.com","http://OMAN_PROXY2:80",,,
"1017","http://legendarydevils.com",,,,
"1018","http://umaenterainments.blogspot.com","http://OMAN_PROXY1:8080",,,
"1019","http://umaenterainments.blogspot.com","http://OMAN_PROXY2:80",,,
"1020","http://umaenterainments.blogspot.com",,,,
"1021","http://turboshare.com","http://OMAN_PROXY1:8080",,"yes",
"1022","http://turboshare.com","http://OMAN_PROXY2:80",,"yes",
"1023","http://mallufmradio.com","http://OMAN_PROXY1:8080",,,
"1024","http://mallufmradio.com","http://OMAN_PROXY2:80",,,
"1025","http://mallufmradio.com",,,,
"1026","http://movielist4u.com","http://OMAN_PROXY1:8080",,,
"1027","http://movielist4u.com","http://OMAN_PROXY2:80",,,
"1028","http://movielist4u.com",,,,
"1029","http://crazyrockerz.com","http://OMAN_PROXY1:8080",,,
"1030","http://crazyrockerz.com","http://OMAN_PROXY2:80",,,
"1031","http://crazyrockerz.com",,,,
"1032","http://rockerzadda.com","http://OMAN_PROXY1:8080",,,
"1033","http://rockerzadda.com","http://OMAN_PROXY2:80",,,
"1034","http://rockerzadda.com",,,,
"1035","http://uniquwarez.com","http://OMAN_PROXY1:8080",,,
"1036","http://uniquwarez.com","http://OMAN_PROXY2:80",,,
"1037","http://uniquwarez.com",,,,
"1038","http://movieswood.com","http://OMAN_PROXY1:8080",,,
"1039","http://movieswood.com","http://OMAN_PROXY2:80",,,
"1040","http://movieswood.com",,,,
"1041","http://bergfiles.com","http://OMAN_PROXY1:8080",,,
"1042","http://bergfiles.com","http://OMAN_PROXY2:80",,,
"1043","http://bergfiles.com",,,,
"1044","http://knforum.com","http://OMAN_PROXY1:8080",,,
"1045","http://knforum.com","http://OMAN_PROXY2:80",,,
"1046","http://knforum.com",,,,
"1047","http://rapidtrend.com","http://OMAN_PROXY1:8080",,,
"1048","http://rapidtrend.com","http://OMAN_PROXY2:80",,,
"1049","http://rapidtrend.com",,,,
"1050","http://warezlobby.org","http://OMAN_PROXY1:8080",,,
"1051","http://warezlobby.org","http://OMAN_PROXY2:80",,,
"1052","http://warezlobby.org",,,,
"1053","http://fileurl.me","http://OMAN_PROXY1:8080",,,
"1054","http://fileurl.me","http://OMAN_PROXY2:80",,,
"1055","http://fileurl.me",,,,
"1056","http://filmmasti.us","http://OMAN_PROXY1:8080",,,
"1057","http://filmmasti.us","http://OMAN_PROXY2:80",,,
"1058","http://filmmasti.us",,,,
"1059","http://fixedmark.com","http://OMAN_PROXY1:8080",,,
"1060","http://fixedmark.com","http://OMAN_PROXY2:80",,,
"1061","http://fixedmark.com",,,,
"1062","http://forumsdesitv.com","http://OMAN_PROXY1:8080",,,
"1063","http://forumsdesitv.com","http://OMAN_PROXY2:80",,,
"1064","http://forumsdesitv.com",,,,
"1065","http://freedlforall.blogspot.in","http://OMAN_PROXY1:8080",,,
"1066","http://freedlforall.blogspot.in","http://OMAN_PROXY2:80",,,
"1067","http://freedlforall.blogspot.in",,,,
"1068","http://full2moviez.blogspot.in","http://OMAN_PROXY1:8080",,,
"1069","http://full2moviez.blogspot.in","http://OMAN_PROXY2:80",,,
"1070","http://full2moviez.blogspot.in",,,,
"1071","http://funztophits.blogspot.in","http://OMAN_PROXY1:8080",,,
"1072","http://funztophits.blogspot.in","http://OMAN_PROXY2:80",,,
"1073","http://funztophits.blogspot.in",,,,
"1074","http://geo-super-live1.blogspot.in","http://OMAN_PROXY1:8080",,,
"1075","http://geo-super-live1.blogspot.in","http://OMAN_PROXY2:80",,,
"1076","http://geo-super-live1.blogspot.in",,,,
"1077","http://ginbig.com","http://OMAN_PROXY1:8080",,,
"1078","http://ginbig.com","http://OMAN_PROXY2:80",,,
"1079","http://ginbig.com",,,,
"1080","http://hinditvlinks4u.ch","http://OMAN_PROXY1:8080",,,
"1081","http://hinditvlinks4u.ch","http://OMAN_PROXY2:80",,,
"1082","http://hinditvlinks4u.ch",,,,
"1083","http://idirectdownload.com","http://OMAN_PROXY1:8080",,,
"1084","http://idirectdownload.com","http://OMAN_PROXY2:80",,,
"1085","http://idirectdownload.com",,,,
"1086","http://ifiles.com","http://OMAN_PROXY1:8080",,,
"1087","http://ifiles.com","http://OMAN_PROXY2:80",,,
"1088","http://ifiles.com",,,,
"1089","http://indiancinezone.com","http://OMAN_PROXY1:8080",,,
"1090","http://indiancinezone.com","http://OMAN_PROXY2:80",,,
"1091","http://indiancinezone.com",,,,
"1092","http://indiawebtv.net","http://OMAN_PROXY1:8080",,,
"1093","http://indiawebtv.net","http://OMAN_PROXY2:80",,,
"1094","http://indiawebtv.net",,,,
"1095","http://isohunt.com","http://OMAN_PROXY1:8080",,,
"1096","http://isohunt.com","http://OMAN_PROXY2:80",,,
"1097","http://isohunt.com",,,,
"1098","http://justdownloadmovies.blogspot.in","http://OMAN_PROXY1:8080",,,
"1099","http://justdownloadmovies.blogspot.in","http://OMAN_PROXY2:80",,,
"1100","http://justdownloadmovies.blogspot.in",,,,
"1101","http://latestmoviecenter.blogspot.in","http://OMAN_PROXY1:8080",,,
"1102","http://latestmoviecenter.blogspot.in","http://OMAN_PROXY2:80",,,
"1103","http://latestmoviecenter.blogspot.in",,,,
"1104","http://latestnewsstock.com","http://OMAN_PROXY1:8080",,,
"1105","http://latestnewsstock.com","http://OMAN_PROXY2:80",,,
"1106","http://latestnewsstock.com",,,,
"1107","http://live.tamil.movies.oruwebsite.com","http://OMAN_PROXY1:8080",,,
"1108","http://live.tamil.movies.oruwebsite.com","http://OMAN_PROXY2:80",,,
"1109","http://live.tamil.movies.oruwebsite.com",,,,
"1110","http://malaysiabay.org","http://OMAN_PROXY1:8080",,,
"1111","http://malaysiabay.org","http://OMAN_PROXY2:80",,,
"1112","http://malaysiabay.org",,,,
"1113","http://moviejockey.com","http://OMAN_PROXY1:8080",,,
"1114","http://moviejockey.com","http://OMAN_PROXY2:80",,,
"1115","http://moviejockey.com",,,,
"1116","http://moviejocky.in","http://OMAN_PROXY1:8080",,,
"1117","http://moviejocky.in","http://OMAN_PROXY2:80",,,
"1118","http://moviejocky.in",,,,
"1119","http://movies.andhrawala.net","http://OMAN_PROXY1:8080",,,
"1120","http://movies.andhrawala.net","http://OMAN_PROXY2:80",,,
"1121","http://movies.andhrawala.net",,,,
"1122","http://movies.hitorphat.in","http://OMAN_PROXY1:8080",,,
"1123","http://movies.hitorphat.in","http://OMAN_PROXY2:80",,,
"1124","http://movies.hitorphat.in",,,,
"1125","http://moviesberg.net","http://OMAN_PROXY1:8080",,,
"1126","http://moviesberg.net","http://OMAN_PROXY2:80",,,
"1127","http://moviesberg.net",,,,
"1128","http://moviesdownloads4free.blogspot.com","http://OMAN_PROXY1:8080",,,
"1129","http://moviesdownloads4free.blogspot.com","http://OMAN_PROXY2:80",,,
"1130","http://moviesdownloads4free.blogspot.com",,,,
"1131","http://moviessharefb.blogspot.in","http://OMAN_PROXY1:8080",,,
"1132","http://moviessharefb.blogspot.in","http://OMAN_PROXY2:80",,,
"1133","http://moviessharefb.blogspot.in",,,,
"1134","http://movreel.com","http://OMAN_PROXY1:8080",,,
"1135","http://movreel.com","http://OMAN_PROXY2:80",,,
"1136","http://movreel.com",,,,
"1137","http://newtelugutorrents.blogspot.in","http://OMAN_PROXY1:8080",,,
"1138","http://newtelugutorrents.blogspot.in","http://OMAN_PROXY2:80",,,
"1139","http://newtelugutorrents.blogspot.in",,,,
"1140","http://njoycinma.blogspot.in","http://OMAN_PROXY1:8080",,,
"1141","http://njoycinma.blogspot.in","http://OMAN_PROXY2:80",,,
"1142","http://njoycinma.blogspot.in",,,,
"1143","http://nowwatchtvlive.com","http://OMAN_PROXY1:8080",,,
"1144","http://nowwatchtvlive.com","http://OMAN_PROXY2:80",,,
"1145","http://nowwatchtvlive.com",,,,
"1146","http://onlinefreewatchmovies.com","http://OMAN_PROXY1:8080",,,
"1147","http://onlinefreewatchmovies.com","http://OMAN_PROXY2:80",,,
"1148","http://onlinefreewatchmovies.com",,,,
"1149","http://online-movie-stream.blogspot.in","http://OMAN_PROXY1:8080",,,
"1150","http://online-movie-stream.blogspot.in","http://OMAN_PROXY2:80",,,
"1151","http://online-movie-stream.blogspot.in",,,,
"1152","http://onlinemoviezfreee.blogspot.in","http://OMAN_PROXY1:8080",,,
"1153","http://onlinemoviezfreee.blogspot.in","http://OMAN_PROXY2:80",,,
"1154","http://onlinemoviezfreee.blogspot.in",,,,
"1155","http://oruwebsite-tamil.blogspot.in","http://OMAN_PROXY1:8080",,,
"1156","http://oruwebsite-tamil.blogspot.in","http://OMAN_PROXY2:80",,,
"1157","http://oruwebsite-tamil.blogspot.in",,,,
"1158","http://osthe.com","http://OMAN_PROXY1:8080",,,
"1159","http://osthe.com","http://OMAN_PROXY2:80",,,
"1160","http://osthe.com",,,,
"1161","http://pastebin.com","http://OMAN_PROXY1:8080",,,
"1162","http://pastebin.com","http://OMAN_PROXY2:80",,,
"1163","http://pastebin.com",,,,
"1164","http://youku.com","http://OMAN_PROXY1:8080",,,
"1165","http://youku.com","http://OMAN_PROXY2:80",,,
"1166","http://youku.com",,,,
"1167","http://360tamiltv.com","http://OMAN_PROXY1:8080",,,
"1168","http://360tamiltv.com","http://OMAN_PROXY2:80",,,
"1169","http://360tamiltv.com",,,,
"1170","http://addshare.net","http://OMAN_PROXY1:8080",,,
"1171","http://addshare.net","http://OMAN_PROXY2:80",,,
"1172","http://addshare.net",,,,
"1173","http://ahashare.com","http://OMAN_PROXY1:8080",,,
"1174","http://ahashare.com","http://OMAN_PROXY2:80",,,
"1175","http://ahashare.com",,,,
"1176","http://alltamil.com","http://OMAN_PROXY1:8080",,,
"1177","http://alltamil.com","http://OMAN_PROXY2:80",,,
"1178","http://alltamil.com",,,,
"1179","http://apden.com","http://OMAN_PROXY1:8080",,,
"1180","http://apden.com","http://OMAN_PROXY2:80",,,
"1181","http://apden.com",,,,
"1182","http://btscene.eu","http://OMAN_PROXY1:8080",,,
"1183","http://btscene.eu","http://OMAN_PROXY2:80",,,
"1184","http://btscene.eu",,,,
"1185","http://desicorner.net","http://OMAN_PROXY1:8080",,,
"1186","http://desicorner.net","http://OMAN_PROXY2:80",,,
"1187","http://desicorner.net",,,,
"1188","http://desinapster.com","http://OMAN_PROXY1:8080",,,
"1189","http://desinapster.com","http://OMAN_PROXY2:80",,,
"1190","http://desinapster.com",,,,
"1191","http://desitara.com","http://OMAN_PROXY1:8080",,,
"1192","http://desitara.com","http://OMAN_PROXY2:80",,,
"1193","http://desitara.com",,,,
"1194","http://desitorrents.com","http://OMAN_PROXY1:8080",,,
"1195","http://desitorrents.com","http://OMAN_PROXY2:80",,,
"1196","http://desitorrents.com",,,,
"1197","http://desivideohub.com","http://OMAN_PROXY1:8080",,,
"1198","http://desivideohub.com","http://OMAN_PROXY2:80",,,
"1199","http://desivideohub.com",,,,
"1200","http://dhloga.com","http://OMAN_PROXY1:8080","yes",,
"1201","http://dhloga.com","http://OMAN_PROXY2:80","yes",,
"1202","http://dhloga.com",,,,
"1203","http://downloadprovider.me","http://OMAN_PROXY1:8080",,,"yes"
"1204","http://downloadprovider.me","http://OMAN_PROXY2:80",,,"yes"
"1205","http://downloadsmasti.com","http://OMAN_PROXY1:8080",,,
"1206","http://downloadsmasti.com","http://OMAN_PROXY2:80",,,
"1207","http://downloadsmasti.com",,,,
"1208","http://footbo.com","http://OMAN_PROXY1:8080",,,
"1209","http://footbo.com","http://OMAN_PROXY2:80",,,
"1210","http://footbo.com",,,,
"1211","http://freeaudiosongs.in","http://OMAN_PROXY1:8080",,,
"1212","http://freeaudiosongs.in","http://OMAN_PROXY2:80",,,
"1213","http://freeaudiosongs.in",,,,
"1214","http://freeonlinemoviestore.com","http://OMAN_PROXY1:8080",,,
"1215","http://freeonlinemoviestore.com","http://OMAN_PROXY2:80",,,
"1216","http://freeonlinemoviestore.com",,,,
"1217","http://fulldls.com","http://OMAN_PROXY1:8080","yes",,
"1218","http://fulldls.com","http://OMAN_PROXY2:80","yes",,
"1219","http://fulldls.com",,,,
"1220","http://gaanam.net","http://OMAN_PROXY1:8080",,,
"1221","http://gaanam.net","http://OMAN_PROXY2:80",,,
"1222","http://gaanam.net",,,,
"1223","http://garammagaram.com","http://OMAN_PROXY1:8080",,,
"1224","http://garammagaram.com","http://OMAN_PROXY2:80",,,
"1225","http://garammagaram.com",,,,
"1226","http://gotamil.net","http://OMAN_PROXY1:8080",,,
"1227","http://gotamil.net","http://OMAN_PROXY2:80",,,
"1228","http://gotamil.net",,,,
"1229","http://hqindianmovies.com","http://OMAN_PROXY1:8080",,,
"1230","http://hqindianmovies.com","http://OMAN_PROXY2:80",,,
"1231","http://hqindianmovies.com",,,,
"1232","http://jaytamil.com","http://OMAN_PROXY1:8080",,,
"1233","http://jaytamil.com","http://OMAN_PROXY2:80",,,
"1234","http://jaytamil.com",,,,
