URL,Category,Theme
http://proxify.com,ANON,Internet Tools
http://www.http-tunnel.com,ANON,Internet Tools
http://www.jmarshall.com/tools/cgiproxy/,ANON,Internet Tools
http://www.peacefire.org/circumventor/simple-circumventor-instructions.html,ANON,Internet Tools
http://www.blackhat.be,HACK,Internet Tools
http://www.grabit.to,HACK,Internet Tools
http://www.hackcanada.com,HACK,Internet Tools
http://www.twistedinternet.com,HACK,Internet Tools
http://btjunkie.org,P2P,Internet Tools
http://www.popka.com.ru,TRNS,Internet Tools
http://kickme.to/FOSI,WRZ,Internet Tools
http://www.serials.ws,WRZ,Internet Tools
http://komoethee.blogspot.com,FEXP,Political
http://www.kwekalu.net,FEXP,Political
http://www.myanmartoons.4-all.org,FEXP,Political
http://www.niknayman-niknayman.co.cc,FEXP,Political
http://www.exitinternational.net,HUMR,Political
http://bluehoney.org,ALDR,Social
http://deoxy.org,ALDR,Social
http://dextroverse.org,ALDR,Social
http://ecstasy.org,ALDR,Social
http://heroin.org,ALDR,Social
http://highlife.nl,ALDR,Social
http://marijuana.nl,ALDR,Social
http://www.buydutchseeds.com,ALDR,Social
http://www.cannabis.com,ALDR,Social
http://www.cannaweed.com,ALDR,Social
http://www.entheogen.com,ALDR,Social
http://www.hightimes.com,ALDR,Social
http://www.japanhemp.org,ALDR,Social
http://www.lycaeum.org,ALDR,Social
http://www.marijuana.com,ALDR,Social
http://www.neonjoint.com,ALDR,Social
http://www.pass-any-drug-test.com,ALDR,Social
http://www.rxmarijuana.com,ALDR,Social
http://www.shroomery.com,ALDR,Social
http://www.shroomery.org,ALDR,Social
http://adultfriendfinder.com,DATE,Social
http://www.online-dating.org,DATE,Social
http://gayromeo.com,GAYL,Social
http://gaytoday.com,GAYL,Social
http://www.gayegypt.com,GAYL,Social
http://8thstreetlatinas.com,PORN,Social
http://alt.com,PORN,Social
http://anjali.uncovered.com,PORN,Social
http://asiansmaster.com,PORN,Social
http://coolgaylinks.com,PORN,Social
http://creamasia.com,PORN,Social
http://famous-nudes.com,PORN,Social
http://gayonthenet.net,PORN,Social
http://lesboerotica.net,PORN,Social
http://milfhunter.com,PORN,Social
http://realdoll.com,PORN,Social
http://realhotindiangirls.com,PORN,Social
http://southindianexpress.smut.com,PORN,Social
http://streetmeatasia.com,PORN,Social
http://thai69.com,PORN,Social
http://thaicherry.com,PORN,Social
http://thaigirls.net,PORN,Social
http://thaigirlsnaked.com,PORN,Social
http://www.88square.com,PORN,Social
http://www.89.com,PORN,Social
http://www.amateurpages.com,PORN,Social
http://www.asianangels.com,PORN,Social
http://www.asianboygay.com,PORN,Social
http://www.asiangirlsnextdoor.com,PORN,Social
http://www.asiansexgazette.com,PORN,Social
http://www.asiansexgazette.com/asg/asian_health.htm,PORN,Social
http://www.asiansexgazette.com/asg/southeast_asia.htm,PORN,Social
http://www.asianthumbs.org,PORN,Social
http://www.babylon-x.com,PORN,Social
http://www.bangkokbangers.com,PORN,Social
http://www.bellebound.com,PORN,Social
http://www.bmezine.com,PORN,Social
http://www.bootyologist.com,PORN,Social
http://www.cherryasia.com,PORN,Social
http://www.crazyshit.com,PORN,Social
http://www.cultoferotica.com,PORN,Social
http://www.cutegirlfriend.net,PORN,Social
http://www.dormangels.com,PORN,Social
http://www.erogeschichten.com,PORN,Social
http://www.exploitedteensasia.com,PORN,Social
http://www.famouspornstars.com,PORN,Social
http://www.femalestars.com,PORN,Social
http://www.forbiddenasian.com,PORN,Social
http://www.freegaypornfinder.com,PORN,Social
http://www.fuckingfreemovies.com,PORN,Social
http://www.gayapatal.com,PORN,Social
http://www.gayasianamateurs.com,PORN,Social
http://www.gayasianxxx.com,PORN,Social
http://www.hereistheporn.com,PORN,Social
http://www.hustler.com,PORN,Social
http://www.indiachix.com,PORN,Social
http://www.indianfever.com,PORN,Social
http://www.indianparadise.net,PORN,Social
http://www.indianporngirls.com,PORN,Social
http://www.ithaisex.com,PORN,Social
http://www.lesbiansubmission.com,PORN,Social
http://www.milfbangvideos.com,PORN,Social
http://www.mrchewsasianbeaver.com,PORN,Social
http://www.mujeres59.com.ar,PORN,Social
http://www.naughty.com,PORN,Social
http://www.penisbot.com,PORN,Social
http://www.penthouse.com,PORN,Social
http://www.persiankitty.com,PORN,Social
http://www.playboy.com,PORN,Social
http://www.purenudism.net,PORN,Social
http://www.purextc.com,PORN,Social
http://www.Real-ThaiPussy.com,PORN,Social
http://www.sex.com,PORN,Social
http://www.sexschwester.net,PORN,Social
http://www.sexy-geschichten.at,PORN,Social
http://www.simplygay.com,PORN,Social
http://www.thaichix.com,PORN,Social
http://www.thaicuties.com,PORN,Social
http://www.thaigirls100.net,PORN,Social
http://www.wetplace.com,PORN,Social
http://www.worldsex.com,PORN,Social
http://www.xratedasianporn.com,PORN,Social
http://www.xxxemovie.info,PORN,Social
http://www.youngerbabes.com,PORN,Social
http://xmatch.com,PORN,Social
http://youporn.com,PORN,Social
http://www.coquette.com,PROV,Social
http://www.altpenis.com,PUBH,Social
http://www.breastenlargementmagazine.com,PUBH,Social
http://www.familycareintl.org,XED,Social
http://www.teensource.org,XED,Social
